IND_ID,IND_CODE,IND_UUID,IND_PER_CODE,DIM_TIME,DIM_TIME_TYPE,DIM_GEO_CODE_M49,DIM_GEO_CODE_TYPE,DIM_PUBLISH_STATE_CODE,IND_NAME,GEO_NAME_SHORT,DIM_SEX,AMOUNT_N
90E2E48WHOSIS_000001,WHOSIS_000001,90E2E48,WHOSIS_000001,2000,YEAR,724,COUNTRY,PUBLISHED,Life expectancy (at birth),Spain,FEMALE,82.47890882000000
90E2E48WHOSIS_000001,WHOSIS_000001,90E2E48,WHOSIS_000001,2000,YEAR,752,COUNTRY,PUBLISHED,Life expectancy (at birth),Sweden,FEMALE,81.78614539000000
90E2E48WHOSIS_000001,WHOSIS_000001,90E2E48,WHOSIS_000001,2001,YEAR,910,WORLDBANKINCOMEGROUP,PUBLISHED,Life expectancy (at birth),High-income economies,FEMALE,80.67940218000000
90E2E48WHOSIS_000001,WHOSIS_000001,90E2E48,WHOSIS_000001,2001,YEAR,911,WORLDBANKINCOMEGROUP,PUBLISHED,Life expectancy (at birth),Low-income economies,FEMALE,55.77824033000000
90E2E48WHOSIS_000001,WHOSIS_000001,90E2E48,WHOSIS_000001,2001,YEAR,912,WORLDBANKINCOMEGROUP,PUBLISHED,Life expectancy (at birth),Lower-middle-income economies,FEMALE,64.68390169000000
90E2E48WHOSIS_000001,WHOSIS_000001,90E2E48,WHOSIS_000001,2001,YEAR,914,WORLDBANKINCOMEGROUP,PUBLISHED,Life expectancy (at birth),Upper-middle-income economies,FEMALE,72.99985114000000
90E2E48WHOSIS_000001,WHOSIS_000001,90E2E48,WHOSIS_000001,2002,YEAR,001,GLOBAL,PUBLISHED,Life expectancy (at birth),World,FEMALE,69.80016364000000
90E2E48WHOSIS_000001,WHOSIS_000001,90E2E48,WHOSIS_000001,2004,YEAR,300,COUNTRY,PUBLISHED,Life expectancy (at birth),Greece,FEMALE,81.66848574000000
90E2E48WHOSIS_000001,WHOSIS_000001,90E2E48,WHOSIS_000001,2005,YEAR,620,COUNTRY,PUBLISHED,Life expectancy (at birth),Portugal,FEMALE,81.21384350000000
90E2E48WHOSIS_000001,WHOSIS_000001,90E2E48,WHOSIS_000001,2000,YEAR,620,COUNTRY,PUBLISHED,Life expectancy (at birth),Portugal,FEMALE,80.07470317000000
90E2E48WHOSIS_000001,WHOSIS_000001,90E2E48,WHOSIS_000001,2001,YEAR,724,COUNTRY,PUBLISHED,Life expectancy (at birth),Spain,FEMALE,82.75513079000000
90E2E48WHOSIS_000001,WHOSIS_000001,90E2E48,WHOSIS_000001,2001,YEAR,752,COUNTRY,PUBLISHED,Life expectancy (at birth),Sweden,FEMALE,81.82171353000000
90E2E48WHOSIS_000001,WHOSIS_000001,90E2E48,WHOSIS_000001,2003,YEAR,001,GLOBAL,PUBLISHED,Life expectancy (at birth),World,FEMALE,70.07686792000000
90E2E48WHOSIS_000001,WHOSIS_000001,90E2E48,WHOSIS_000001,2006,YEAR,620,COUNTRY,PUBLISHED,Life expectancy (at birth),Portugal,FEMALE,82.11126023000000
90E2E48WHOSIS_000001,WHOSIS_000001,90E2E48,WHOSIS_000001,2001,YEAR,620,COUNTRY,PUBLISHED,Life expectancy (at birth),Portugal,FEMALE,80.41760358000000
90E2E48WHOSIS_000001,WHOSIS_000001,90E2E48,WHOSIS_000001,2002,YEAR,910,WORLDBANKINCOMEGROUP,PUBLISHED,Life expectancy (at birth),High-income economies,FEMALE,80.78562535000000
90E2E48WHOSIS_000001,WHOSIS_000001,90E2E48,WHOSIS_000001,2002,YEAR,911,WORLDBANKINCOMEGROUP,PUBLISHED,Life expectancy (at birth),Low-income economies,FEMALE,56.38450531000000
90E2E48WHOSIS_000001,WHOSIS_000001,90E2E48,WHOSIS_000001,2002,YEAR,912,WORLDBANKINCOMEGROUP,PUBLISHED,Life expectancy (at birth),Lower-middle-income economies,FEMALE,65.04242739000000
90E2E48WHOSIS_000001,WHOSIS_000001,90E2E48,WHOSIS_000001,2002,YEAR,914,WORLDBANKINCOMEGROUP,PUBLISHED,Life expectancy (at birth),Upper-middle-income economies,FEMALE,73.17163719000000
90E2E48WHOSIS_000001,WHOSIS_000001,90E2E48,WHOSIS_000001,2005,YEAR,300,COUNTRY,PUBLISHED,Life expectancy (at birth),Greece,FEMALE,81.90724091000000
90E2E48WHOSIS_000001,WHOSIS_000001,90E2E48,WHOSIS_000001,2000,YEAR,300,COUNTRY,PUBLISHED,Life expectancy (at birth),Greece,FEMALE,80.96205607000000
90E2E48WHOSIS_000001,WHOSIS_000001,90E2E48,WHOSIS_000001,2002,YEAR,724,COUNTRY,PUBLISHED,Life expectancy (at birth),Spain,FEMALE,82.81449507000000
90E2E48WHOSIS_000001,WHOSIS_000001,90E2E48,WHOSIS_000001,2002,YEAR,752,COUNTRY,PUBLISHED,Life expectancy (at birth),Sweden,FEMALE,81.82555044000000
90E2E48WHOSIS_000001,WHOSIS_000001,90E2E48,WHOSIS_000001,2003,YEAR,910,WORLDBANKINCOMEGROUP,PUBLISHED,Life expectancy (at birth),High-income economies,FEMALE,80.83754635000000
90E2E48WHOSIS_000001,WHOSIS_000001,90E2E48,WHOSIS_000001,2003,YEAR,911,WORLDBANKINCOMEGROUP,PUBLISHED,Life expectancy (at birth),Low-income economies,FEMALE,57.27845596000000
90E2E48WHOSIS_000001,WHOSIS_000001,90E2E48,WHOSIS_000001,2003,YEAR,912,WORLDBANKINCOMEGROUP,PUBLISHED,Life expectancy (at birth),Lower-middle-income economies,FEMALE,65.42838469000000
90E2E48WHOSIS_000001,WHOSIS_000001,90E2E48,WHOSIS_000001,2003,YEAR,914,WORLDBANKINCOMEGROUP,PUBLISHED,Life expectancy (at birth),Upper-middle-income economies,FEMALE,73.32616468000000
90E2E48WHOSIS_000001,WHOSIS_000001,90E2E48,WHOSIS_000001,2004,YEAR,001,GLOBAL,PUBLISHED,Life expectancy (at birth),World,FEMALE,70.45490036000000
90E2E48WHOSIS_000001,WHOSIS_000001,90E2E48,WHOSIS_000001,2006,YEAR,300,COUNTRY,PUBLISHED,Life expectancy (at birth),Greece,FEMALE,82.18151366000000
90E2E48WHOSIS_000001,WHOSIS_000001,90E2E48,WHOSIS_000001,2001,YEAR,300,COUNTRY,PUBLISHED,Life expectancy (at birth),Greece,FEMALE,81.32966204000000
90E2E48WHOSIS_000001,WHOSIS_000001,90E2E48,WHOSIS_000001,2002,YEAR,620,COUNTRY,PUBLISHED,Life expectancy (at birth),Portugal,FEMALE,80.54491581000000
90E2E48WHOSIS_000001,WHOSIS_000001,90E2E48,WHOSIS_000001,2003,YEAR,724,COUNTRY,PUBLISHED,Life expectancy (at birth),Spain,FEMALE,82.65351695000000
90E2E48WHOSIS_000001,WHOSIS_000001,90E2E48,WHOSIS_000001,2003,YEAR,752,COUNTRY,PUBLISHED,Life expectancy (at birth),Sweden,FEMALE,82.13207854000000
90E2E48WHOSIS_000001,WHOSIS_000001,90E2E48,WHOSIS_000001,2004,YEAR,910,WORLDBANKINCOMEGROUP,PUBLISHED,Life expectancy (at birth),High-income economies,FEMALE,81.29334279000000
90E2E48WHOSIS_000001,WHOSIS_000001,90E2E48,WHOSIS_000001,2004,YEAR,911,WORLDBANKINCOMEGROUP,PUBLISHED,Life expectancy (at birth),Low-income economies,FEMALE,57.98196842000000
90E2E48WHOSIS_000001,WHOSIS_000001,90E2E48,WHOSIS_000001,2004,YEAR,912,WORLDBANKINCOMEGROUP,PUBLISHED,Life expectancy (at birth),Lower-middle-income economies,FEMALE,65.96695129000000
90E2E48WHOSIS_000001,WHOSIS_000001,90E2E48,WHOSIS_000001,2004,YEAR,914,WORLDBANKINCOMEGROUP,PUBLISHED,Life expectancy (at birth),Upper-middle-income economies,FEMALE,73.35808663000000
90E2E48WHOSIS_000001,WHOSIS_000001,90E2E48,WHOSIS_000001,2005,YEAR,001,GLOBAL,PUBLISHED,Life expectancy (at birth),World,FEMALE,70.91378928000000
90E2E48WHOSIS_000001,WHOSIS_000001,90E2E48,WHOSIS_000001,2000,YEAR,001,GLOBAL,PUBLISHED,Life expectancy (at birth),World,FEMALE,69.21746047000000
90E2E48WHOSIS_000001,WHOSIS_000001,90E2E48,WHOSIS_000001,2003,YEAR,620,COUNTRY,PUBLISHED,Life expectancy (at birth),Portugal,FEMALE,80.50943334000000
90E2E48WHOSIS_000001,WHOSIS_000001,90E2E48,WHOSIS_000001,2004,YEAR,724,COUNTRY,PUBLISHED,Life expectancy (at birth),Spain,FEMALE,83.24948823000000
90E2E48WHOSIS_000001,WHOSIS_000001,90E2E48,WHOSIS_000001,2004,YEAR,752,COUNTRY,PUBLISHED,Life expectancy (at birth),Sweden,FEMALE,82.37069748000000
90E2E48WHOSIS_000001,WHOSIS_000001,90E2E48,WHOSIS_000001,2006,YEAR,001,GLOBAL,PUBLISHED,Life expectancy (at birth),World,FEMALE,71.51704669000000
90E2E48WHOSIS_000001,WHOSIS_000001,90E2E48,WHOSIS_000001,2002,YEAR,300,COUNTRY,PUBLISHED,Life expectancy (at birth),Greece,FEMALE,81.39007886000000
90E2E48WHOSIS_000001,WHOSIS_000001,90E2E48,WHOSIS_000001,2004,YEAR,620,COUNTRY,PUBLISHED,Life expectancy (at birth),Portugal,FEMALE,81.41142466000000
90E2E48WHOSIS_000001,WHOSIS_000001,90E2E48,WHOSIS_000001,2005,YEAR,910,WORLDBANKINCOMEGROUP,PUBLISHED,Life expectancy (at birth),High-income economies,FEMALE,81.34320736000000
90E2E48WHOSIS_000001,WHOSIS_000001,90E2E48,WHOSIS_000001,2005,YEAR,911,WORLDBANKINCOMEGROUP,PUBLISHED,Life expectancy (at birth),Low-income economies,FEMALE,58.80006226000000
90E2E48WHOSIS_000001,WHOSIS_000001,90E2E48,WHOSIS_000001,2005,YEAR,912,WORLDBANKINCOMEGROUP,PUBLISHED,Life expectancy (at birth),Lower-middle-income economies,FEMALE,66.36883993000000
90E2E48WHOSIS_000001,WHOSIS_000001,90E2E48,WHOSIS_000001,2005,YEAR,914,WORLDBANKINCOMEGROUP,PUBLISHED,Life expectancy (at birth),Upper-middle-income economies,FEMALE,73.99300950000000
90E2E48WHOSIS_000001,WHOSIS_000001,90E2E48,WHOSIS_000001,2000,YEAR,910,WORLDBANKINCOMEGROUP,PUBLISHED,Life expectancy (at birth),High-income economies,FEMALE,80.46734986000000
90E2E48WHOSIS_000001,WHOSIS_000001,90E2E48,WHOSIS_000001,2000,YEAR,911,WORLDBANKINCOMEGROUP,PUBLISHED,Life expectancy (at birth),Low-income economies,FEMALE,55.14369870000000
90E2E48WHOSIS_000001,WHOSIS_000001,90E2E48,WHOSIS_000001,2000,YEAR,912,WORLDBANKINCOMEGROUP,PUBLISHED,Life expectancy (at birth),Lower-middle-income economies,FEMALE,64.25710414000000
90E2E48WHOSIS_000001,WHOSIS_000001,90E2E48,WHOSIS_000001,2000,YEAR,914,WORLDBANKINCOMEGROUP,PUBLISHED,Life expectancy (at birth),Upper-middle-income economies,FEMALE,72.76568492000000
90E2E48WHOSIS_000001,WHOSIS_000001,90E2E48,WHOSIS_000001,2001,YEAR,001,GLOBAL,PUBLISHED,Life expectancy (at birth),World,FEMALE,69.54443216000000
90E2E48WHOSIS_000001,WHOSIS_000001,90E2E48,WHOSIS_000001,2003,YEAR,300,COUNTRY,PUBLISHED,Life expectancy (at birth),Greece,FEMALE,81.48889464000000
90E2E48WHOSIS_000001,WHOSIS_000001,90E2E48,WHOSIS_000001,2005,YEAR,724,COUNTRY,PUBLISHED,Life expectancy (at birth),Spain,FEMALE,83.21782223000000
90E2E48WHOSIS_000001,WHOSIS_000001,90E2E48,WHOSIS_000001,2005,YEAR,752,COUNTRY,PUBLISHED,Life expectancy (at birth),Sweden,FEMALE,82.46054990000000
90E2E48WHOSIS_000001,WHOSIS_000001,90E2E48,WHOSIS_000001,2006,YEAR,724,COUNTRY,PUBLISHED,Life expectancy (at birth),Spain,FEMALE,83.81808792000000
90E2E48WHOSIS_000001,WHOSIS_000001,90E2E48,WHOSIS_000001,2006,YEAR,752,COUNTRY,PUBLISHED,Life expectancy (at birth),Sweden,FEMALE,82.59727475000000
90E2E48WHOSIS_000001,WHOSIS_000001,90E2E48,WHOSIS_000001,2007,YEAR,910,WORLDBANKINCOMEGROUP,PUBLISHED,Life expectancy (at birth),High-income economies,FEMALE,81.89504493000000
90E2E48WHOSIS_000001,WHOSIS_000001,90E2E48,WHOSIS_000001,2007,YEAR,911,WORLDBANKINCOMEGROUP,PUBLISHED,Life expectancy (at birth),Low-income economies,FEMALE,60.40864490000000
90E2E48WHOSIS_000001,WHOSIS_000001,90E2E48,WHOSIS_000001,2007,YEAR,912,WORLDBANKINCOMEGROUP,PUBLISHED,Life expectancy (at birth),Lower-middle-income economies,FEMALE,67.28306503000000
90E2E48WHOSIS_000001,WHOSIS_000001,90E2E48,WHOSIS_000001,2007,YEAR,914,WORLDBANKINCOMEGROUP,PUBLISHED,Life expectancy (at birth),Upper-middle-income economies,FEMALE,75.17711883000000
90E2E48WHOSIS_000001,WHOSIS_000001,90E2E48,WHOSIS_000001,2008,YEAR,001,GLOBAL,PUBLISHED,Life expectancy (at birth),World,FEMALE,72.29433496000000
90E2E48WHOSIS_000001,WHOSIS_000001,90E2E48,WHOSIS_000001,2010,YEAR,300,COUNTRY,PUBLISHED,Life expectancy (at birth),Greece,FEMALE,82.60703108000000
90E2E48WHOSIS_000001,WHOSIS_000001,90E2E48,WHOSIS_000001,2012,YEAR,724,COUNTRY,PUBLISHED,Life expectancy (at birth),Spain,FEMALE,84.71018414000000
90E2E48WHOSIS_000001,WHOSIS_000001,90E2E48,WHOSIS_000001,2012,YEAR,752,COUNTRY,PUBLISHED,Life expectancy (at birth),Sweden,FEMALE,83.15952837000000
90E2E48WHOSIS_000001,WHOSIS_000001,90E2E48,WHOSIS_000001,2013,YEAR,910,WORLDBANKINCOMEGROUP,PUBLISHED,Life expectancy (at birth),High-income economies,FEMALE,82.81692328000000
90E2E48WHOSIS_000001,WHOSIS_000001,90E2E48,WHOSIS_000001,2013,YEAR,911,WORLDBANKINCOMEGROUP,PUBLISHED,Life expectancy (at birth),Low-income economies,FEMALE,63.89689964000000
90E2E48WHOSIS_000001,WHOSIS_000001,90E2E48,WHOSIS_000001,2013,YEAR,912,WORLDBANKINCOMEGROUP,PUBLISHED,Life expectancy (at birth),Lower-middle-income economies,FEMALE,69.74562293000000
90E2E48WHOSIS_000001,WHOSIS_000001,90E2E48,WHOSIS_000001,2013,YEAR,914,WORLDBANKINCOMEGROUP,PUBLISHED,Life expectancy (at birth),Upper-middle-income economies,FEMALE,77.48953493000000
90E2E48WHOSIS_000001,WHOSIS_000001,90E2E48,WHOSIS_000001,2014,YEAR,001,GLOBAL,PUBLISHED,Life expectancy (at birth),World,FEMALE,74.62340981000000
90E2E48WHOSIS_000001,WHOSIS_000001,90E2E48,WHOSIS_000001,2007,YEAR,724,COUNTRY,PUBLISHED,Life expectancy (at birth),Spain,FEMALE,83.77726402000000
90E2E48WHOSIS_000001,WHOSIS_000001,90E2E48,WHOSIS_000001,2007,YEAR,752,COUNTRY,PUBLISHED,Life expectancy (at birth),Sweden,FEMALE,82.65762548000000
90E2E48WHOSIS_000001,WHOSIS_000001,90E2E48,WHOSIS_000001,2009,YEAR,001,GLOBAL,PUBLISHED,Life expectancy (at birth),World,FEMALE,72.85162379000000
90E2E48WHOSIS_000001,WHOSIS_000001,90E2E48,WHOSIS_000001,2012,YEAR,620,COUNTRY,PUBLISHED,Life expectancy (at birth),Portugal,FEMALE,83.13162647000000
90E2E48WHOSIS_000001,WHOSIS_000001,90E2E48,WHOSIS_000001,2013,YEAR,724,COUNTRY,PUBLISHED,Life expectancy (at birth),Spain,FEMALE,85.15147734000000
90E2E48WHOSIS_000001,WHOSIS_000001,90E2E48,WHOSIS_000001,2013,YEAR,752,COUNTRY,PUBLISHED,Life expectancy (at birth),Sweden,FEMALE,83.31033775000000
90E2E48WHOSIS_000001,WHOSIS_000001,90E2E48,WHOSIS_000001,2014,YEAR,911,WORLDBANKINCOMEGROUP,PUBLISHED,Life expectancy (at birth),Low-income economies,FEMALE,64.27935275000000
90E2E48WHOSIS_000001,WHOSIS_000001,90E2E48,WHOSIS_000001,2014,YEAR,912,WORLDBANKINCOMEGROUP,PUBLISHED,Life expectancy (at birth),Lower-middle-income economies,FEMALE,70.08633623000000
90E2E48WHOSIS_000001,WHOSIS_000001,90E2E48,WHOSIS_000001,2014,YEAR,914,WORLDBANKINCOMEGROUP,PUBLISHED,Life expectancy (at birth),Upper-middle-income economies,FEMALE,77.73606325000000
90E2E48WHOSIS_000001,WHOSIS_000001,90E2E48,WHOSIS_000001,2015,YEAR,001,GLOBAL,PUBLISHED,Life expectancy (at birth),World,FEMALE,74.82386869000000
90E2E48WHOSIS_000001,WHOSIS_000001,90E2E48,WHOSIS_000001,2007,YEAR,620,COUNTRY,PUBLISHED,Life expectancy (at birth),Portugal,FEMALE,82.08891770000000
90E2E48WHOSIS_000001,WHOSIS_000001,90E2E48,WHOSIS_000001,2008,YEAR,910,WORLDBANKINCOMEGROUP,PUBLISHED,Life expectancy (at birth),High-income economies,FEMALE,82.02752927000000
90E2E48WHOSIS_000001,WHOSIS_000001,90E2E48,WHOSIS_000001,2008,YEAR,911,WORLDBANKINCOMEGROUP,PUBLISHED,Life expectancy (at birth),Low-income economies,FEMALE,61.16326993000000
90E2E48WHOSIS_000001,WHOSIS_000001,90E2E48,WHOSIS_000001,2008,YEAR,912,WORLDBANKINCOMEGROUP,PUBLISHED,Life expectancy (at birth),Lower-middle-income economies,FEMALE,67.56999527000000
90E2E48WHOSIS_000001,WHOSIS_000001,90E2E48,WHOSIS_000001,2008,YEAR,914,WORLDBANKINCOMEGROUP,PUBLISHED,Life expectancy (at birth),Upper-middle-income economies,FEMALE,75.42687884000000
90E2E48WHOSIS_000001,WHOSIS_000001,90E2E48,WHOSIS_000001,2011,YEAR,300,COUNTRY,PUBLISHED,Life expectancy (at birth),Greece,FEMALE,82.80999118000000
90E2E48WHOSIS_000001,WHOSIS_000001,90E2E48,WHOSIS_000001,2013,YEAR,620,COUNTRY,PUBLISHED,Life expectancy (at birth),Portugal,FEMALE,83.51946389000000
90E2E48WHOSIS_000001,WHOSIS_000001,90E2E48,WHOSIS_000001,2014,YEAR,752,COUNTRY,PUBLISHED,Life expectancy (at birth),Sweden,FEMALE,83.63062684000000
90E2E48WHOSIS_000001,WHOSIS_000001,90E2E48,WHOSIS_000001,2014,YEAR,910,WORLDBANKINCOMEGROUP,PUBLISHED,Life expectancy (at birth),High-income economies,FEMALE,83.02339369000000
90E2E48WHOSIS_000001,WHOSIS_000001,90E2E48,WHOSIS_000001,2008,YEAR,620,COUNTRY,PUBLISHED,Life expectancy (at birth),Portugal,FEMALE,82.25386817000000
90E2E48WHOSIS_000001,WHOSIS_000001,90E2E48,WHOSIS_000001,2008,YEAR,724,COUNTRY,PUBLISHED,Life expectancy (at birth),Spain,FEMALE,83.94748871000000
90E2E48WHOSIS_000001,WHOSIS_000001,90E2E48,WHOSIS_000001,2008,YEAR,752,COUNTRY,PUBLISHED,Life expectancy (at birth),Sweden,FEMALE,82.81444963000000
90E2E48WHOSIS_000001,WHOSIS_000001,90E2E48,WHOSIS_000001,2009,YEAR,910,WORLDBANKINCOMEGROUP,PUBLISHED,Life expectancy (at birth),High-income economies,FEMALE,82.30135803000000
90E2E48WHOSIS_000001,WHOSIS_000001,90E2E48,WHOSIS_000001,2009,YEAR,911,WORLDBANKINCOMEGROUP,PUBLISHED,Life expectancy (at birth),Low-income economies,FEMALE,61.83990455000000
90E2E48WHOSIS_000001,WHOSIS_000001,90E2E48,WHOSIS_000001,2009,YEAR,912,WORLDBANKINCOMEGROUP,PUBLISHED,Life expectancy (at birth),Lower-middle-income economies,FEMALE,68.27976573000000
90E2E48WHOSIS_000001,WHOSIS_000001,90E2E48,WHOSIS_000001,2009,YEAR,914,WORLDBANKINCOMEGROUP,PUBLISHED,Life expectancy (at birth),Upper-middle-income economies,FEMALE,75.85857268000000
90E2E48WHOSIS_000001,WHOSIS_000001,90E2E48,WHOSIS_000001,2010,YEAR,001,GLOBAL,PUBLISHED,Life expectancy (at birth),World,FEMALE,73.13052854000000
90E2E48WHOSIS_000001,WHOSIS_000001,90E2E48,WHOSIS_000001,2012,YEAR,300,COUNTRY,PUBLISHED,Life expectancy (at birth),Greece,FEMALE,82.62755373000000
90E2E48WHOSIS_000001,WHOSIS_000001,90E2E48,WHOSIS_000001,2014,YEAR,620,COUNTRY,PUBLISHED,Life expectancy (at birth),Portugal,FEMALE,83.85616759000000
90E2E48WHOSIS_000001,WHOSIS_000001,90E2E48,WHOSIS_000001,2014,YEAR,724,COUNTRY,PUBLISHED,Life expectancy (at birth),Spain,FEMALE,85.21380126000000
90E2E48WHOSIS_000001,WHOSIS_000001,90E2E48,WHOSIS_000001,2015,YEAR,910,WORLDBANKINCOMEGROUP,PUBLISHED,Life expectancy (at birth),High-income economies,FEMALE,82.85304130000000
90E2E48WHOSIS_000001,WHOSIS_000001,90E2E48,WHOSIS_000001,2015,YEAR,911,WORLDBANKINCOMEGROUP,PUBLISHED,Life expectancy (at birth),Low-income economies,FEMALE,64.74630348000000
90E2E48WHOSIS_000001,WHOSIS_000001,90E2E48,WHOSIS_000001,2015,YEAR,912,WORLDBANKINCOMEGROUP,PUBLISHED,Life expectancy (at birth),Lower-middle-income economies,FEMALE,70.35795570000000
90E2E48WHOSIS_000001,WHOSIS_000001,90E2E48,WHOSIS_000001,2015,YEAR,914,WORLDBANKINCOMEGROUP,PUBLISHED,Life expectancy (at birth),Upper-middle-income economies,FEMALE,78.00906049000000
90E2E48WHOSIS_000001,WHOSIS_000001,90E2E48,WHOSIS_000001,2016,YEAR,001,GLOBAL,PUBLISHED,Life expectancy (at birth),World,FEMALE,75.07098838000000
90E2E48WHOSIS_000001,WHOSIS_000001,90E2E48,WHOSIS_000001,2007,YEAR,300,COUNTRY,PUBLISHED,Life expectancy (at birth),Greece,FEMALE,81.98744643000000
90E2E48WHOSIS_000001,WHOSIS_000001,90E2E48,WHOSIS_000001,2009,YEAR,724,COUNTRY,PUBLISHED,Life expectancy (at birth),Spain,FEMALE,84.24225394000000
90E2E48WHOSIS_000001,WHOSIS_000001,90E2E48,WHOSIS_000001,2009,YEAR,752,COUNTRY,PUBLISHED,Life expectancy (at birth),Sweden,FEMALE,83.01241991000000
90E2E48WHOSIS_000001,WHOSIS_000001,90E2E48,WHOSIS_000001,2010,YEAR,910,WORLDBANKINCOMEGROUP,PUBLISHED,Life expectancy (at birth),High-income economies,FEMALE,82.47767140000000
90E2E48WHOSIS_000001,WHOSIS_000001,90E2E48,WHOSIS_000001,2010,YEAR,911,WORLDBANKINCOMEGROUP,PUBLISHED,Life expectancy (at birth),Low-income economies,FEMALE,62.37986517000000
90E2E48WHOSIS_000001,WHOSIS_000001,90E2E48,WHOSIS_000001,2010,YEAR,912,WORLDBANKINCOMEGROUP,PUBLISHED,Life expectancy (at birth),Lower-middle-income economies,FEMALE,68.55505091000000
90E2E48WHOSIS_000001,WHOSIS_000001,90E2E48,WHOSIS_000001,2010,YEAR,914,WORLDBANKINCOMEGROUP,PUBLISHED,Life expectancy (at birth),Upper-middle-income economies,FEMALE,76.15721691000000
90E2E48WHOSIS_000001,WHOSIS_000001,90E2E48,WHOSIS_000001,2011,YEAR,001,GLOBAL,PUBLISHED,Life expectancy (at birth),World,FEMALE,73.58986360000000
90E2E48WHOSIS_000001,WHOSIS_000001,90E2E48,WHOSIS_000001,2013,YEAR,300,COUNTRY,PUBLISHED,Life expectancy (at birth),Greece,FEMALE,83.06352264000000
90E2E48WHOSIS_000001,WHOSIS_000001,90E2E48,WHOSIS_000001,2015,YEAR,724,COUNTRY,PUBLISHED,Life expectancy (at birth),Spain,FEMALE,84.93946501000000
90E2E48WHOSIS_000001,WHOSIS_000001,90E2E48,WHOSIS_000001,2015,YEAR,752,COUNTRY,PUBLISHED,Life expectancy (at birth),Sweden,FEMALE,83.49809484000000
90E2E48WHOSIS_000001,WHOSIS_000001,90E2E48,WHOSIS_000001,2009,YEAR,620,COUNTRY,PUBLISHED,Life expectancy (at birth),Portugal,FEMALE,82.40507790000000
90E2E48WHOSIS_000001,WHOSIS_000001,90E2E48,WHOSIS_000001,2010,YEAR,724,COUNTRY,PUBLISHED,Life expectancy (at birth),Spain,FEMALE,84.58427198000000
90E2E48WHOSIS_000001,WHOSIS_000001,90E2E48,WHOSIS_000001,2010,YEAR,752,COUNTRY,PUBLISHED,Life expectancy (at birth),Sweden,FEMALE,83.14946396000000
90E2E48WHOSIS_000001,WHOSIS_000001,90E2E48,WHOSIS_000001,2011,YEAR,914,WORLDBANKINCOMEGROUP,PUBLISHED,Life expectancy (at birth),Upper-middle-income economies,FEMALE,76.60737172000000
90E2E48WHOSIS_000001,WHOSIS_000001,90E2E48,WHOSIS_000001,2012,YEAR,001,GLOBAL,PUBLISHED,Life expectancy (at birth),World,FEMALE,73.96358965000000
90E2E48WHOSIS_000001,WHOSIS_000001,90E2E48,WHOSIS_000001,2015,YEAR,620,COUNTRY,PUBLISHED,Life expectancy (at birth),Portugal,FEMALE,83.66558927000000
90E2E48WHOSIS_000001,WHOSIS_000001,90E2E48,WHOSIS_000001,2008,YEAR,300,COUNTRY,PUBLISHED,Life expectancy (at birth),Greece,FEMALE,82.41679181000000
90E2E48WHOSIS_000001,WHOSIS_000001,90E2E48,WHOSIS_000001,2010,YEAR,620,COUNTRY,PUBLISHED,Life expectancy (at birth),Portugal,FEMALE,82.73706220000000
90E2E48WHOSIS_000001,WHOSIS_000001,90E2E48,WHOSIS_000001,2011,YEAR,752,COUNTRY,PUBLISHED,Life expectancy (at birth),Sweden,FEMALE,83.32250019000000
90E2E48WHOSIS_000001,WHOSIS_000001,90E2E48,WHOSIS_000001,2011,YEAR,910,WORLDBANKINCOMEGROUP,PUBLISHED,Life expectancy (at birth),High-income economies,FEMALE,82.58583903000000
90E2E48WHOSIS_000001,WHOSIS_000001,90E2E48,WHOSIS_000001,2011,YEAR,911,WORLDBANKINCOMEGROUP,PUBLISHED,Life expectancy (at birth),Low-income economies,FEMALE,62.66554266000000
90E2E48WHOSIS_000001,WHOSIS_000001,90E2E48,WHOSIS_000001,2011,YEAR,912,WORLDBANKINCOMEGROUP,PUBLISHED,Life expectancy (at birth),Lower-middle-income economies,FEMALE,69.15066403000000
90E2E48WHOSIS_000001,WHOSIS_000001,90E2E48,WHOSIS_000001,2014,YEAR,300,COUNTRY,PUBLISHED,Life expectancy (at birth),Greece,FEMALE,83.14597251000000
90E2E48WHOSIS_000001,WHOSIS_000001,90E2E48,WHOSIS_000001,2006,YEAR,910,WORLDBANKINCOMEGROUP,PUBLISHED,Life expectancy (at birth),High-income economies,FEMALE,81.71648790000000
90E2E48WHOSIS_000001,WHOSIS_000001,90E2E48,WHOSIS_000001,2006,YEAR,911,WORLDBANKINCOMEGROUP,PUBLISHED,Life expectancy (at birth),Low-income economies,FEMALE,59.60962827000000
90E2E48WHOSIS_000001,WHOSIS_000001,90E2E48,WHOSIS_000001,2006,YEAR,912,WORLDBANKINCOMEGROUP,PUBLISHED,Life expectancy (at birth),Lower-middle-income economies,FEMALE,66.85529425000000
90E2E48WHOSIS_000001,WHOSIS_000001,90E2E48,WHOSIS_000001,2006,YEAR,914,WORLDBANKINCOMEGROUP,PUBLISHED,Life expectancy (at birth),Upper-middle-income economies,FEMALE,74.64337736000000
90E2E48WHOSIS_000001,WHOSIS_000001,90E2E48,WHOSIS_000001,2007,YEAR,001,GLOBAL,PUBLISHED,Life expectancy (at birth),World,FEMALE,72.00171871000000
90E2E48WHOSIS_000001,WHOSIS_000001,90E2E48,WHOSIS_000001,2009,YEAR,300,COUNTRY,PUBLISHED,Life expectancy (at birth),Greece,FEMALE,82.60419696000000
90E2E48WHOSIS_000001,WHOSIS_000001,90E2E48,WHOSIS_000001,2011,YEAR,620,COUNTRY,PUBLISHED,Life expectancy (at birth),Portugal,FEMALE,83.26581273000000
90E2E48WHOSIS_000001,WHOSIS_000001,90E2E48,WHOSIS_000001,2011,YEAR,724,COUNTRY,PUBLISHED,Life expectancy (at birth),Spain,FEMALE,84.62137659000000
90E2E48WHOSIS_000001,WHOSIS_000001,90E2E48,WHOSIS_000001,2012,YEAR,910,WORLDBANKINCOMEGROUP,PUBLISHED,Life expectancy (at birth),High-income economies,FEMALE,82.67850211000000
90E2E48WHOSIS_000001,WHOSIS_000001,90E2E48,WHOSIS_000001,2012,YEAR,911,WORLDBANKINCOMEGROUP,PUBLISHED,Life expectancy (at birth),Low-income economies,FEMALE,63.31591049000000
90E2E48WHOSIS_000001,WHOSIS_000001,90E2E48,WHOSIS_000001,2012,YEAR,912,WORLDBANKINCOMEGROUP,PUBLISHED,Life expectancy (at birth),Lower-middle-income economies,FEMALE,69.42429592000000
90E2E48WHOSIS_000001,WHOSIS_000001,90E2E48,WHOSIS_000001,2012,YEAR,914,WORLDBANKINCOMEGROUP,PUBLISHED,Life expectancy (at birth),Upper-middle-income economies,FEMALE,77.11279782000000
90E2E48WHOSIS_000001,WHOSIS_000001,90E2E48,WHOSIS_000001,2013,YEAR,001,GLOBAL,PUBLISHED,Life expectancy (at birth),World,FEMALE,74.31729963000000
90E2E48WHOSIS_000001,WHOSIS_000001,90E2E48,WHOSIS_000001,2015,YEAR,300,COUNTRY,PUBLISHED,Life expectancy (at birth),Greece,FEMALE,82.70012722000000
90E2E48WHOSIS_000001,WHOSIS_000001,90E2E48,WHOSIS_000001,2016,YEAR,300,COUNTRY,PUBLISHED,Life expectancy (at birth),Greece,FEMALE,82.90991921000000
90E2E48WHOSIS_000001,WHOSIS_000001,90E2E48,WHOSIS_000001,2018,YEAR,724,COUNTRY,PUBLISHED,Life expectancy (at birth),Spain,FEMALE,85.32106648000000
90E2E48WHOSIS_000001,WHOSIS_000001,90E2E48,WHOSIS_000001,2018,YEAR,752,COUNTRY,PUBLISHED,Life expectancy (at birth),Sweden,FEMALE,83.78001337000000
90E2E48WHOSIS_000001,WHOSIS_000001,90E2E48,WHOSIS_000001,2019,YEAR,910,WORLDBANKINCOMEGROUP,PUBLISHED,Life expectancy (at birth),High-income economies,FEMALE,83.33354538000000
90E2E48WHOSIS_000001,WHOSIS_000001,90E2E48,WHOSIS_000001,2019,YEAR,911,WORLDBANKINCOMEGROUP,PUBLISHED,Life expectancy (at birth),Low-income economies,FEMALE,66.34303771000000
90E2E48WHOSIS_000001,WHOSIS_000001,90E2E48,WHOSIS_000001,2019,YEAR,912,WORLDBANKINCOMEGROUP,PUBLISHED,Life expectancy (at birth),Lower-middle-income economies,FEMALE,71.53315952000000
90E2E48WHOSIS_000001,WHOSIS_000001,90E2E48,WHOSIS_000001,2019,YEAR,914,WORLDBANKINCOMEGROUP,PUBLISHED,Life expectancy (at birth),Upper-middle-income economies,FEMALE,78.72237849000000
90E2E48WHOSIS_000001,WHOSIS_000001,90E2E48,WHOSIS_000001,2020,YEAR,001,GLOBAL,PUBLISHED,Life expectancy (at birth),World,FEMALE,75.21902065000000
90E2E48WHOSIS_000001,WHOSIS_000001,90E2E48,WHOSIS_000001,2018,YEAR,620,COUNTRY,PUBLISHED,Life expectancy (at birth),Portugal,FEMALE,83.91042383000000
90E2E48WHOSIS_000001,WHOSIS_000001,90E2E48,WHOSIS_000001,2019,YEAR,724,COUNTRY,PUBLISHED,Life expectancy (at birth),Spain,FEMALE,85.66031336000000
90E2E48WHOSIS_000001,WHOSIS_000001,90E2E48,WHOSIS_000001,2019,YEAR,752,COUNTRY,PUBLISHED,Life expectancy (at birth),Sweden,FEMALE,84.24257133000000
90E2E48WHOSIS_000001,WHOSIS_000001,90E2E48,WHOSIS_000001,2020,YEAR,910,WORLDBANKINCOMEGROUP,PUBLISHED,Life expectancy (at birth),High-income economies,FEMALE,82.58365002000000
90E2E48WHOSIS_000001,WHOSIS_000001,90E2E48,WHOSIS_000001,2020,YEAR,911,WORLDBANKINCOMEGROUP,PUBLISHED,Life expectancy (at birth),Low-income economies,FEMALE,66.38332427000000
90E2E48WHOSIS_000001,WHOSIS_000001,90E2E48,WHOSIS_000001,2020,YEAR,912,WORLDBANKINCOMEGROUP,PUBLISHED,Life expectancy (at birth),Lower-middle-income economies,FEMALE,71.26895193000000
90E2E48WHOSIS_000001,WHOSIS_000001,90E2E48,WHOSIS_000001,2020,YEAR,914,WORLDBANKINCOMEGROUP,PUBLISHED,Life expectancy (at birth),Upper-middle-income economies,FEMALE,78.14320109000000
90E2E48WHOSIS_000001,WHOSIS_000001,90E2E48,WHOSIS_000001,2021,YEAR,001,GLOBAL,PUBLISHED,Life expectancy (at birth),World,FEMALE,73.95752418000000
90E2E48WHOSIS_000001,WHOSIS_000001,90E2E48,WHOSIS_000001,2017,YEAR,300,COUNTRY,PUBLISHED,Life expectancy (at birth),Greece,FEMALE,82.86155149000000
90E2E48WHOSIS_000001,WHOSIS_000001,90E2E48,WHOSIS_000001,2019,YEAR,620,COUNTRY,PUBLISHED,Life expectancy (at birth),Portugal,FEMALE,84.14959418000000
90E2E48WHOSIS_000001,WHOSIS_000001,90E2E48,WHOSIS_000001,2020,YEAR,724,COUNTRY,PUBLISHED,Life expectancy (at birth),Spain,FEMALE,84.51405232000000
90E2E48WHOSIS_000001,WHOSIS_000001,90E2E48,WHOSIS_000001,2020,YEAR,752,COUNTRY,PUBLISHED,Life expectancy (at birth),Sweden,FEMALE,83.79474323000000
90E2E48WHOSIS_000001,WHOSIS_000001,90E2E48,WHOSIS_000001,2018,YEAR,300,COUNTRY,PUBLISHED,Life expectancy (at birth),Greece,FEMALE,83.23920608000000
90E2E48WHOSIS_000001,WHOSIS_000001,90E2E48,WHOSIS_000001,2020,YEAR,620,COUNTRY,PUBLISHED,Life expectancy (at birth),Portugal,FEMALE,83.64142520000000
90E2E48WHOSIS_000001,WHOSIS_000001,90E2E48,WHOSIS_000001,2021,YEAR,910,WORLDBANKINCOMEGROUP,PUBLISHED,Life expectancy (at birth),High-income economies,FEMALE,82.29613519000000
90E2E48WHOSIS_000001,WHOSIS_000001,90E2E48,WHOSIS_000001,2021,YEAR,911,WORLDBANKINCOMEGROUP,PUBLISHED,Life expectancy (at birth),Low-income economies,FEMALE,65.77246153000000
90E2E48WHOSIS_000001,WHOSIS_000001,90E2E48,WHOSIS_000001,2021,YEAR,912,WORLDBANKINCOMEGROUP,PUBLISHED,Life expectancy (at birth),Lower-middle-income economies,FEMALE,69.22598578000000
90E2E48WHOSIS_000001,WHOSIS_000001,90E2E48,WHOSIS_000001,2021,YEAR,914,WORLDBANKINCOMEGROUP,PUBLISHED,Life expectancy (at birth),Upper-middle-income economies,FEMALE,77.18475494000000
90E2E48WHOSIS_000001,WHOSIS_000001,90E2E48,WHOSIS_000001,2016,YEAR,910,WORLDBANKINCOMEGROUP,PUBLISHED,Life expectancy (at birth),High-income economies,FEMALE,83.05388213000000
90E2E48WHOSIS_000001,WHOSIS_000001,90E2E48,WHOSIS_000001,2016,YEAR,911,WORLDBANKINCOMEGROUP,PUBLISHED,Life expectancy (at birth),Low-income economies,FEMALE,65.19515941000000
90E2E48WHOSIS_000001,WHOSIS_000001,90E2E48,WHOSIS_000001,2016,YEAR,912,WORLDBANKINCOMEGROUP,PUBLISHED,Life expectancy (at birth),Lower-middle-income economies,FEMALE,70.66559895000000
90E2E48WHOSIS_000001,WHOSIS_000001,90E2E48,WHOSIS_000001,2016,YEAR,914,WORLDBANKINCOMEGROUP,PUBLISHED,Life expectancy (at birth),Upper-middle-income economies,FEMALE,78.16909549000000
90E2E48WHOSIS_000001,WHOSIS_000001,90E2E48,WHOSIS_000001,2017,YEAR,001,GLOBAL,PUBLISHED,Life expectancy (at birth),World,FEMALE,75.27037083000000
90E2E48WHOSIS_000001,WHOSIS_000001,90E2E48,WHOSIS_000001,2019,YEAR,300,COUNTRY,PUBLISHED,Life expectancy (at birth),Greece,FEMALE,83.01154433000000
90E2E48WHOSIS_000001,WHOSIS_000001,90E2E48,WHOSIS_000001,2021,YEAR,724,COUNTRY,PUBLISHED,Life expectancy (at birth),Spain,FEMALE,85.29773694000000
90E2E48WHOSIS_000001,WHOSIS_000001,90E2E48,WHOSIS_000001,2021,YEAR,752,COUNTRY,PUBLISHED,Life expectancy (at birth),Sweden,FEMALE,84.31275387000000
90E2E48WHOSIS_000001,WHOSIS_000001,90E2E48,WHOSIS_000001,2016,YEAR,724,COUNTRY,PUBLISHED,Life expectancy (at birth),Spain,FEMALE,85.35675646000000
90E2E48WHOSIS_000001,WHOSIS_000001,90E2E48,WHOSIS_000001,2016,YEAR,752,COUNTRY,PUBLISHED,Life expectancy (at birth),Sweden,FEMALE,83.63114184000000
90E2E48WHOSIS_000001,WHOSIS_000001,90E2E48,WHOSIS_000001,2017,YEAR,910,WORLDBANKINCOMEGROUP,PUBLISHED,Life expectancy (at birth),High-income economies,FEMALE,83.03173702000000
90E2E48WHOSIS_000001,WHOSIS_000001,90E2E48,WHOSIS_000001,2017,YEAR,911,WORLDBANKINCOMEGROUP,PUBLISHED,Life expectancy (at birth),Low-income economies,FEMALE,65.57413373000000
90E2E48WHOSIS_000001,WHOSIS_000001,90E2E48,WHOSIS_000001,2017,YEAR,912,WORLDBANKINCOMEGROUP,PUBLISHED,Life expectancy (at birth),Lower-middle-income economies,FEMALE,70.92194474000000
90E2E48WHOSIS_000001,WHOSIS_000001,90E2E48,WHOSIS_000001,2017,YEAR,914,WORLDBANKINCOMEGROUP,PUBLISHED,Life expectancy (at birth),Upper-middle-income economies,FEMALE,78.41717460000000
90E2E48WHOSIS_000001,WHOSIS_000001,90E2E48,WHOSIS_000001,2018,YEAR,001,GLOBAL,PUBLISHED,Life expectancy (at birth),World,FEMALE,75.47155884000000
90E2E48WHOSIS_000001,WHOSIS_000001,90E2E48,WHOSIS_000001,2021,YEAR,620,COUNTRY,PUBLISHED,Life expectancy (at birth),Portugal,FEMALE,83.88307768000000
90E2E48WHOSIS_000001,WHOSIS_000001,90E2E48,WHOSIS_000001,2016,YEAR,620,COUNTRY,PUBLISHED,Life expectancy (at birth),Portugal,FEMALE,83.77159778000000
90E2E48WHOSIS_000001,WHOSIS_000001,90E2E48,WHOSIS_000001,2017,YEAR,752,COUNTRY,PUBLISHED,Life expectancy (at birth),Sweden,FEMALE,83.64353349000000
90E2E48WHOSIS_000001,WHOSIS_000001,90E2E48,WHOSIS_000001,2019,YEAR,001,GLOBAL,PUBLISHED,Life expectancy (at birth),World,FEMALE,75.70121089000000
90E2E48WHOSIS_000001,WHOSIS_000001,90E2E48,WHOSIS_000001,2020,YEAR,300,COUNTRY,PUBLISHED,Life expectancy (at birth),Greece,FEMALE,82.76477750000000
90E2E48WHOSIS_000001,WHOSIS_000001,90E2E48,WHOSIS_000001,2017,YEAR,620,COUNTRY,PUBLISHED,Life expectancy (at birth),Portugal,FEMALE,83.97663525000000
90E2E48WHOSIS_000001,WHOSIS_000001,90E2E48,WHOSIS_000001,2017,YEAR,724,COUNTRY,PUBLISHED,Life expectancy (at birth),Spain,FEMALE,85.21017946000000
90E2E48WHOSIS_000001,WHOSIS_000001,90E2E48,WHOSIS_000001,2018,YEAR,910,WORLDBANKINCOMEGROUP,PUBLISHED,Life expectancy (at birth),High-income economies,FEMALE,83.12957890000000
90E2E48WHOSIS_000001,WHOSIS_000001,90E2E48,WHOSIS_000001,2018,YEAR,911,WORLDBANKINCOMEGROUP,PUBLISHED,Life expectancy (at birth),Low-income economies,FEMALE,65.93984726000000
90E2E48WHOSIS_000001,WHOSIS_000001,90E2E48,WHOSIS_000001,2018,YEAR,912,WORLDBANKINCOMEGROUP,PUBLISHED,Life expectancy (at birth),Lower-middle-income economies,FEMALE,71.20567815000000
90E2E48WHOSIS_000001,WHOSIS_000001,90E2E48,WHOSIS_000001,2018,YEAR,914,WORLDBANKINCOMEGROUP,PUBLISHED,Life expectancy (at birth),Upper-middle-income economies,FEMALE,78.58336969000000
90E2E48WHOSIS_000001,WHOSIS_000001,90E2E48,WHOSIS_000001,2021,YEAR,300,COUNTRY,PUBLISHED,Life expectancy (at birth),Greece,FEMALE,81.95119556000000
90E2E48WHOSIS_000001,WHOSIS_000001,90E2E48,WHOSIS_000001,2000,YEAR,724,COUNTRY,PUBLISHED,Life expectancy (at birth),Spain,MALE,75.69181423000000
90E2E48WHOSIS_000001,WHOSIS_000001,90E2E48,WHOSIS_000001,2000,YEAR,752,COUNTRY,PUBLISHED,Life expectancy (at birth),Sweden,MALE,77.28173956000000
90E2E48WHOSIS_000001,WHOSIS_000001,90E2E48,WHOSIS_000001,2001,YEAR,910,WORLDBANKINCOMEGROUP,PUBLISHED,Life expectancy (at birth),High-income economies,MALE,74.78328272000000
90E2E48WHOSIS_000001,WHOSIS_000001,90E2E48,WHOSIS_000001,2001,YEAR,911,WORLDBANKINCOMEGROUP,PUBLISHED,Life expectancy (at birth),Low-income economies,MALE,53.01736713000000
90E2E48WHOSIS_000001,WHOSIS_000001,90E2E48,WHOSIS_000001,2001,YEAR,912,WORLDBANKINCOMEGROUP,PUBLISHED,Life expectancy (at birth),Lower-middle-income economies,MALE,61.37712947000000
90E2E48WHOSIS_000001,WHOSIS_000001,90E2E48,WHOSIS_000001,2001,YEAR,914,WORLDBANKINCOMEGROUP,PUBLISHED,Life expectancy (at birth),Upper-middle-income economies,MALE,67.20418497000000
90E2E48WHOSIS_000001,WHOSIS_000001,90E2E48,WHOSIS_000001,2002,YEAR,001,GLOBAL,PUBLISHED,Life expectancy (at birth),World,MALE,64.98487217000000
90E2E48WHOSIS_000001,WHOSIS_000001,90E2E48,WHOSIS_000001,2004,YEAR,300,COUNTRY,PUBLISHED,Life expectancy (at birth),Greece,MALE,76.83921496000000
90E2E48WHOSIS_000001,WHOSIS_000001,90E2E48,WHOSIS_000001,2000,YEAR,620,COUNTRY,PUBLISHED,Life expectancy (at birth),Portugal,MALE,73.06858602000000
90E2E48WHOSIS_000001,WHOSIS_000001,90E2E48,WHOSIS_000001,2001,YEAR,724,COUNTRY,PUBLISHED,Life expectancy (at birth),Spain,MALE,76.01907422000000
90E2E48WHOSIS_000001,WHOSIS_000001,90E2E48,WHOSIS_000001,2001,YEAR,752,COUNTRY,PUBLISHED,Life expectancy (at birth),Sweden,MALE,77.44266700000000
90E2E48WHOSIS_000001,WHOSIS_000001,90E2E48,WHOSIS_000001,2003,YEAR,001,GLOBAL,PUBLISHED,Life expectancy (at birth),World,MALE,65.23132712000000
90E2E48WHOSIS_000001,WHOSIS_000001,90E2E48,WHOSIS_000001,2006,YEAR,620,COUNTRY,PUBLISHED,Life expectancy (at birth),Portugal,MALE,75.27812670000000
90E2E48WHOSIS_000001,WHOSIS_000001,90E2E48,WHOSIS_000001,2001,YEAR,620,COUNTRY,PUBLISHED,Life expectancy (at birth),Portugal,MALE,73.40298828000000
90E2E48WHOSIS_000001,WHOSIS_000001,90E2E48,WHOSIS_000001,2002,YEAR,910,WORLDBANKINCOMEGROUP,PUBLISHED,Life expectancy (at birth),High-income economies,MALE,74.97430921000000
90E2E48WHOSIS_000001,WHOSIS_000001,90E2E48,WHOSIS_000001,2002,YEAR,911,WORLDBANKINCOMEGROUP,PUBLISHED,Life expectancy (at birth),Low-income economies,MALE,53.62118956000000
90E2E48WHOSIS_000001,WHOSIS_000001,90E2E48,WHOSIS_000001,2002,YEAR,912,WORLDBANKINCOMEGROUP,PUBLISHED,Life expectancy (at birth),Lower-middle-income economies,MALE,61.75484579000000
90E2E48WHOSIS_000001,WHOSIS_000001,90E2E48,WHOSIS_000001,2002,YEAR,914,WORLDBANKINCOMEGROUP,PUBLISHED,Life expectancy (at birth),Upper-middle-income economies,MALE,67.35255041000000
90E2E48WHOSIS_000001,WHOSIS_000001,90E2E48,WHOSIS_000001,2005,YEAR,300,COUNTRY,PUBLISHED,Life expectancy (at birth),Greece,MALE,76.98607158000000
90E2E48WHOSIS_000001,WHOSIS_000001,90E2E48,WHOSIS_000001,2000,YEAR,300,COUNTRY,PUBLISHED,Life expectancy (at birth),Greece,MALE,75.97017437000000
90E2E48WHOSIS_000001,WHOSIS_000001,90E2E48,WHOSIS_000001,2002,YEAR,724,COUNTRY,PUBLISHED,Life expectancy (at birth),Spain,MALE,76.15602244000000
90E2E48WHOSIS_000001,WHOSIS_000001,90E2E48,WHOSIS_000001,2002,YEAR,752,COUNTRY,PUBLISHED,Life expectancy (at birth),Sweden,MALE,77.61630928000000
90E2E48WHOSIS_000001,WHOSIS_000001,90E2E48,WHOSIS_000001,2003,YEAR,910,WORLDBANKINCOMEGROUP,PUBLISHED,Life expectancy (at birth),High-income economies,MALE,75.11864086000000
90E2E48WHOSIS_000001,WHOSIS_000001,90E2E48,WHOSIS_000001,2003,YEAR,911,WORLDBANKINCOMEGROUP,PUBLISHED,Life expectancy (at birth),Low-income economies,MALE,54.46668860000000
90E2E48WHOSIS_000001,WHOSIS_000001,90E2E48,WHOSIS_000001,2003,YEAR,912,WORLDBANKINCOMEGROUP,PUBLISHED,Life expectancy (at birth),Lower-middle-income economies,MALE,62.06625177000000
90E2E48WHOSIS_000001,WHOSIS_000001,90E2E48,WHOSIS_000001,2003,YEAR,914,WORLDBANKINCOMEGROUP,PUBLISHED,Life expectancy (at birth),Upper-middle-income economies,MALE,67.48032184000000
90E2E48WHOSIS_000001,WHOSIS_000001,90E2E48,WHOSIS_000001,2004,YEAR,001,GLOBAL,PUBLISHED,Life expectancy (at birth),World,MALE,65.52965833000000
90E2E48WHOSIS_000001,WHOSIS_000001,90E2E48,WHOSIS_000001,2006,YEAR,300,COUNTRY,PUBLISHED,Life expectancy (at birth),Greece,MALE,77.38297254000000
90E2E48WHOSIS_000001,WHOSIS_000001,90E2E48,WHOSIS_000001,2001,YEAR,300,COUNTRY,PUBLISHED,Life expectancy (at birth),Greece,MALE,76.40074148000000
90E2E48WHOSIS_000001,WHOSIS_000001,90E2E48,WHOSIS_000001,2002,YEAR,620,COUNTRY,PUBLISHED,Life expectancy (at birth),Portugal,MALE,73.69651828000000
90E2E48WHOSIS_000001,WHOSIS_000001,90E2E48,WHOSIS_000001,2003,YEAR,724,COUNTRY,PUBLISHED,Life expectancy (at birth),Spain,MALE,76.17439675000000
90E2E48WHOSIS_000001,WHOSIS_000001,90E2E48,WHOSIS_000001,2003,YEAR,752,COUNTRY,PUBLISHED,Life expectancy (at birth),Sweden,MALE,77.81346661000000
90E2E48WHOSIS_000001,WHOSIS_000001,90E2E48,WHOSIS_000001,2004,YEAR,910,WORLDBANKINCOMEGROUP,PUBLISHED,Life expectancy (at birth),High-income economies,MALE,75.60106055000000
90E2E48WHOSIS_000001,WHOSIS_000001,90E2E48,WHOSIS_000001,2004,YEAR,911,WORLDBANKINCOMEGROUP,PUBLISHED,Life expectancy (at birth),Low-income economies,MALE,55.15380154000000
90E2E48WHOSIS_000001,WHOSIS_000001,90E2E48,WHOSIS_000001,2004,YEAR,912,WORLDBANKINCOMEGROUP,PUBLISHED,Life expectancy (at birth),Lower-middle-income economies,MALE,62.38665969000000
90E2E48WHOSIS_000001,WHOSIS_000001,90E2E48,WHOSIS_000001,2004,YEAR,914,WORLDBANKINCOMEGROUP,PUBLISHED,Life expectancy (at birth),Upper-middle-income economies,MALE,67.57833168000000
90E2E48WHOSIS_000001,WHOSIS_000001,90E2E48,WHOSIS_000001,2005,YEAR,001,GLOBAL,PUBLISHED,Life expectancy (at birth),World,MALE,65.94122258000000
90E2E48WHOSIS_000001,WHOSIS_000001,90E2E48,WHOSIS_000001,2000,YEAR,001,GLOBAL,PUBLISHED,Life expectancy (at birth),World,MALE,64.39083049000000
90E2E48WHOSIS_000001,WHOSIS_000001,90E2E48,WHOSIS_000001,2003,YEAR,620,COUNTRY,PUBLISHED,Life expectancy (at birth),Portugal,MALE,74.04364966000000
90E2E48WHOSIS_000001,WHOSIS_000001,90E2E48,WHOSIS_000001,2004,YEAR,724,COUNTRY,PUBLISHED,Life expectancy (at birth),Spain,MALE,76.73016552000000
90E2E48WHOSIS_000001,WHOSIS_000001,90E2E48,WHOSIS_000001,2004,YEAR,752,COUNTRY,PUBLISHED,Life expectancy (at birth),Sweden,MALE,78.25453113000000
90E2E48WHOSIS_000001,WHOSIS_000001,90E2E48,WHOSIS_000001,2006,YEAR,001,GLOBAL,PUBLISHED,Life expectancy (at birth),World,MALE,66.52492527000000
90E2E48WHOSIS_000001,WHOSIS_000001,90E2E48,WHOSIS_000001,2002,YEAR,300,COUNTRY,PUBLISHED,Life expectancy (at birth),Greece,MALE,76.62933359000000
90E2E48WHOSIS_000001,WHOSIS_000001,90E2E48,WHOSIS_000001,2004,YEAR,620,COUNTRY,PUBLISHED,Life expectancy (at birth),Portugal,MALE,74.73663535000000
90E2E48WHOSIS_000001,WHOSIS_000001,90E2E48,WHOSIS_000001,2005,YEAR,910,WORLDBANKINCOMEGROUP,PUBLISHED,Life expectancy (at birth),High-income economies,MALE,75.69929395000000
90E2E48WHOSIS_000001,WHOSIS_000001,90E2E48,WHOSIS_000001,2005,YEAR,911,WORLDBANKINCOMEGROUP,PUBLISHED,Life expectancy (at birth),Low-income economies,MALE,55.94948992000000
90E2E48WHOSIS_000001,WHOSIS_000001,90E2E48,WHOSIS_000001,2005,YEAR,912,WORLDBANKINCOMEGROUP,PUBLISHED,Life expectancy (at birth),Lower-middle-income economies,MALE,62.77140480000000
90E2E48WHOSIS_000001,WHOSIS_000001,90E2E48,WHOSIS_000001,2005,YEAR,914,WORLDBANKINCOMEGROUP,PUBLISHED,Life expectancy (at birth),Upper-middle-income economies,MALE,68.07056584000000
90E2E48WHOSIS_000001,WHOSIS_000001,90E2E48,WHOSIS_000001,2000,YEAR,910,WORLDBANKINCOMEGROUP,PUBLISHED,Life expectancy (at birth),High-income economies,MALE,74.51101342000000
90E2E48WHOSIS_000001,WHOSIS_000001,90E2E48,WHOSIS_000001,2000,YEAR,911,WORLDBANKINCOMEGROUP,PUBLISHED,Life expectancy (at birth),Low-income economies,MALE,52.08671592000000
90E2E48WHOSIS_000001,WHOSIS_000001,90E2E48,WHOSIS_000001,2000,YEAR,912,WORLDBANKINCOMEGROUP,PUBLISHED,Life expectancy (at birth),Lower-middle-income economies,MALE,61.03522172000000
90E2E48WHOSIS_000001,WHOSIS_000001,90E2E48,WHOSIS_000001,2000,YEAR,914,WORLDBANKINCOMEGROUP,PUBLISHED,Life expectancy (at birth),Upper-middle-income economies,MALE,66.97706535000000
90E2E48WHOSIS_000001,WHOSIS_000001,90E2E48,WHOSIS_000001,2001,YEAR,001,GLOBAL,PUBLISHED,Life expectancy (at birth),World,MALE,64.72083388000000
90E2E48WHOSIS_000001,WHOSIS_000001,90E2E48,WHOSIS_000001,2003,YEAR,300,COUNTRY,PUBLISHED,Life expectancy (at birth),Greece,MALE,76.77670720000000
90E2E48WHOSIS_000001,WHOSIS_000001,90E2E48,WHOSIS_000001,2005,YEAR,620,COUNTRY,PUBLISHED,Life expectancy (at birth),Portugal,MALE,74.68043071000000
90E2E48WHOSIS_000001,WHOSIS_000001,90E2E48,WHOSIS_000001,2005,YEAR,724,COUNTRY,PUBLISHED,Life expectancy (at birth),Spain,MALE,76.80478776000000
90E2E48WHOSIS_000001,WHOSIS_000001,90E2E48,WHOSIS_000001,2005,YEAR,752,COUNTRY,PUBLISHED,Life expectancy (at birth),Sweden,MALE,78.31471805000000
90E2E48WHOSIS_000001,WHOSIS_000001,90E2E48,WHOSIS_000001,2006,YEAR,724,COUNTRY,PUBLISHED,Life expectancy (at birth),Spain,MALE,77.50800912000000
90E2E48WHOSIS_000001,WHOSIS_000001,90E2E48,WHOSIS_000001,2006,YEAR,752,COUNTRY,PUBLISHED,Life expectancy (at birth),Sweden,MALE,78.59437792000000
90E2E48WHOSIS_000001,WHOSIS_000001,90E2E48,WHOSIS_000001,2007,YEAR,910,WORLDBANKINCOMEGROUP,PUBLISHED,Life expectancy (at birth),High-income economies,MALE,76.31894621000000
90E2E48WHOSIS_000001,WHOSIS_000001,90E2E48,WHOSIS_000001,2007,YEAR,911,WORLDBANKINCOMEGROUP,PUBLISHED,Life expectancy (at birth),Low-income economies,MALE,57.35841293000000
90E2E48WHOSIS_000001,WHOSIS_000001,90E2E48,WHOSIS_000001,2007,YEAR,912,WORLDBANKINCOMEGROUP,PUBLISHED,Life expectancy (at birth),Lower-middle-income economies,MALE,63.47509428000000
90E2E48WHOSIS_000001,WHOSIS_000001,90E2E48,WHOSIS_000001,2007,YEAR,914,WORLDBANKINCOMEGROUP,PUBLISHED,Life expectancy (at birth),Upper-middle-income economies,MALE,69.22495907000000
90E2E48WHOSIS_000001,WHOSIS_000001,90E2E48,WHOSIS_000001,2008,YEAR,001,GLOBAL,PUBLISHED,Life expectancy (at birth),World,MALE,67.18836559000000
90E2E48WHOSIS_000001,WHOSIS_000001,90E2E48,WHOSIS_000001,2010,YEAR,300,COUNTRY,PUBLISHED,Life expectancy (at birth),Greece,MALE,77.93456349000000
90E2E48WHOSIS_000001,WHOSIS_000001,90E2E48,WHOSIS_000001,2012,YEAR,724,COUNTRY,PUBLISHED,Life expectancy (at birth),Spain,MALE,79.15766974000000
90E2E48WHOSIS_000001,WHOSIS_000001,90E2E48,WHOSIS_000001,2012,YEAR,752,COUNTRY,PUBLISHED,Life expectancy (at birth),Sweden,MALE,79.72341854000000
90E2E48WHOSIS_000001,WHOSIS_000001,90E2E48,WHOSIS_000001,2013,YEAR,910,WORLDBANKINCOMEGROUP,PUBLISHED,Life expectancy (at birth),High-income economies,MALE,77.75639596000000
90E2E48WHOSIS_000001,WHOSIS_000001,90E2E48,WHOSIS_000001,2013,YEAR,911,WORLDBANKINCOMEGROUP,PUBLISHED,Life expectancy (at birth),Low-income economies,MALE,59.96753695000000
90E2E48WHOSIS_000001,WHOSIS_000001,90E2E48,WHOSIS_000001,2013,YEAR,912,WORLDBANKINCOMEGROUP,PUBLISHED,Life expectancy (at birth),Lower-middle-income economies,MALE,65.80752517000000
90E2E48WHOSIS_000001,WHOSIS_000001,90E2E48,WHOSIS_000001,2013,YEAR,914,WORLDBANKINCOMEGROUP,PUBLISHED,Life expectancy (at birth),Upper-middle-income economies,MALE,71.25635111000000
90E2E48WHOSIS_000001,WHOSIS_000001,90E2E48,WHOSIS_000001,2014,YEAR,001,GLOBAL,PUBLISHED,Life expectancy (at birth),World,MALE,69.35405152000000
90E2E48WHOSIS_000001,WHOSIS_000001,90E2E48,WHOSIS_000001,2007,YEAR,724,COUNTRY,PUBLISHED,Life expectancy (at birth),Spain,MALE,77.56477206000000
90E2E48WHOSIS_000001,WHOSIS_000001,90E2E48,WHOSIS_000001,2007,YEAR,752,COUNTRY,PUBLISHED,Life expectancy (at birth),Sweden,MALE,78.82494187000000
90E2E48WHOSIS_000001,WHOSIS_000001,90E2E48,WHOSIS_000001,2009,YEAR,001,GLOBAL,PUBLISHED,Life expectancy (at birth),World,MALE,67.66803260000000
90E2E48WHOSIS_000001,WHOSIS_000001,90E2E48,WHOSIS_000001,2012,YEAR,620,COUNTRY,PUBLISHED,Life expectancy (at birth),Portugal,MALE,77.12252930000000
90E2E48WHOSIS_000001,WHOSIS_000001,90E2E48,WHOSIS_000001,2013,YEAR,724,COUNTRY,PUBLISHED,Life expectancy (at birth),Spain,MALE,79.73295498000000
90E2E48WHOSIS_000001,WHOSIS_000001,90E2E48,WHOSIS_000001,2013,YEAR,752,COUNTRY,PUBLISHED,Life expectancy (at birth),Sweden,MALE,79.92752061000000
90E2E48WHOSIS_000001,WHOSIS_000001,90E2E48,WHOSIS_000001,2014,YEAR,911,WORLDBANKINCOMEGROUP,PUBLISHED,Life expectancy (at birth),Low-income economies,MALE,60.06124484000000
90E2E48WHOSIS_000001,WHOSIS_000001,90E2E48,WHOSIS_000001,2014,YEAR,912,WORLDBANKINCOMEGROUP,PUBLISHED,Life expectancy (at birth),Lower-middle-income economies,MALE,66.09837146000000
90E2E48WHOSIS_000001,WHOSIS_000001,90E2E48,WHOSIS_000001,2014,YEAR,914,WORLDBANKINCOMEGROUP,PUBLISHED,Life expectancy (at birth),Upper-middle-income economies,MALE,71.50249550000000
90E2E48WHOSIS_000001,WHOSIS_000001,90E2E48,WHOSIS_000001,2015,YEAR,001,GLOBAL,PUBLISHED,Life expectancy (at birth),World,MALE,69.62753756000000
90E2E48WHOSIS_000001,WHOSIS_000001,90E2E48,WHOSIS_000001,2007,YEAR,620,COUNTRY,PUBLISHED,Life expectancy (at birth),Portugal,MALE,75.70139902000000
90E2E48WHOSIS_000001,WHOSIS_000001,90E2E48,WHOSIS_000001,2008,YEAR,752,COUNTRY,PUBLISHED,Life expectancy (at birth),Sweden,MALE,78.98559602000000
90E2E48WHOSIS_000001,WHOSIS_000001,90E2E48,WHOSIS_000001,2008,YEAR,910,WORLDBANKINCOMEGROUP,PUBLISHED,Life expectancy (at birth),High-income economies,MALE,76.55394140000000
90E2E48WHOSIS_000001,WHOSIS_000001,90E2E48,WHOSIS_000001,2008,YEAR,911,WORLDBANKINCOMEGROUP,PUBLISHED,Life expectancy (at birth),Low-income economies,MALE,57.97962253000000
90E2E48WHOSIS_000001,WHOSIS_000001,90E2E48,WHOSIS_000001,2008,YEAR,912,WORLDBANKINCOMEGROUP,PUBLISHED,Life expectancy (at birth),Lower-middle-income economies,MALE,63.68276271000000
90E2E48WHOSIS_000001,WHOSIS_000001,90E2E48,WHOSIS_000001,2008,YEAR,914,WORLDBANKINCOMEGROUP,PUBLISHED,Life expectancy (at birth),Upper-middle-income economies,MALE,69.46473353000000
90E2E48WHOSIS_000001,WHOSIS_000001,90E2E48,WHOSIS_000001,2011,YEAR,300,COUNTRY,PUBLISHED,Life expectancy (at birth),Greece,MALE,77.96442010000000
90E2E48WHOSIS_000001,WHOSIS_000001,90E2E48,WHOSIS_000001,2013,YEAR,620,COUNTRY,PUBLISHED,Life expectancy (at birth),Portugal,MALE,77.36595799000000
90E2E48WHOSIS_000001,WHOSIS_000001,90E2E48,WHOSIS_000001,2014,YEAR,752,COUNTRY,PUBLISHED,Life expectancy (at birth),Sweden,MALE,80.18837075000000
90E2E48WHOSIS_000001,WHOSIS_000001,90E2E48,WHOSIS_000001,2014,YEAR,910,WORLDBANKINCOMEGROUP,PUBLISHED,Life expectancy (at birth),High-income economies,MALE,78.00664113000000
90E2E48WHOSIS_000001,WHOSIS_000001,90E2E48,WHOSIS_000001,2016,YEAR,001,GLOBAL,PUBLISHED,Life expectancy (at birth),World,MALE,69.88453447000000
90E2E48WHOSIS_000001,WHOSIS_000001,90E2E48,WHOSIS_000001,2008,YEAR,620,COUNTRY,PUBLISHED,Life expectancy (at birth),Portugal,MALE,76.00351533000000
90E2E48WHOSIS_000001,WHOSIS_000001,90E2E48,WHOSIS_000001,2008,YEAR,724,COUNTRY,PUBLISHED,Life expectancy (at birth),Spain,MALE,77.97824030000000
90E2E48WHOSIS_000001,WHOSIS_000001,90E2E48,WHOSIS_000001,2009,YEAR,910,WORLDBANKINCOMEGROUP,PUBLISHED,Life expectancy (at birth),High-income economies,MALE,76.87356743000000
90E2E48WHOSIS_000001,WHOSIS_000001,90E2E48,WHOSIS_000001,2009,YEAR,911,WORLDBANKINCOMEGROUP,PUBLISHED,Life expectancy (at birth),Low-income economies,MALE,58.52479178000000
90E2E48WHOSIS_000001,WHOSIS_000001,90E2E48,WHOSIS_000001,2009,YEAR,912,WORLDBANKINCOMEGROUP,PUBLISHED,Life expectancy (at birth),Lower-middle-income economies,MALE,64.29636438000000
90E2E48WHOSIS_000001,WHOSIS_000001,90E2E48,WHOSIS_000001,2009,YEAR,914,WORLDBANKINCOMEGROUP,PUBLISHED,Life expectancy (at birth),Upper-middle-income economies,MALE,69.82582937000000
90E2E48WHOSIS_000001,WHOSIS_000001,90E2E48,WHOSIS_000001,2010,YEAR,001,GLOBAL,PUBLISHED,Life expectancy (at birth),World,MALE,67.95019202000000
90E2E48WHOSIS_000001,WHOSIS_000001,90E2E48,WHOSIS_000001,2012,YEAR,300,COUNTRY,PUBLISHED,Life expectancy (at birth),Greece,MALE,77.89651337000000
90E2E48WHOSIS_000001,WHOSIS_000001,90E2E48,WHOSIS_000001,2014,YEAR,620,COUNTRY,PUBLISHED,Life expectancy (at birth),Portugal,MALE,77.75613843000000
90E2E48WHOSIS_000001,WHOSIS_000001,90E2E48,WHOSIS_000001,2014,YEAR,724,COUNTRY,PUBLISHED,Life expectancy (at birth),Spain,MALE,79.88176223000000
90E2E48WHOSIS_000001,WHOSIS_000001,90E2E48,WHOSIS_000001,2015,YEAR,910,WORLDBANKINCOMEGROUP,PUBLISHED,Life expectancy (at birth),High-income economies,MALE,77.91325574000000
90E2E48WHOSIS_000001,WHOSIS_000001,90E2E48,WHOSIS_000001,2015,YEAR,911,WORLDBANKINCOMEGROUP,PUBLISHED,Life expectancy (at birth),Low-income economies,MALE,60.43282501000000
90E2E48WHOSIS_000001,WHOSIS_000001,90E2E48,WHOSIS_000001,2015,YEAR,912,WORLDBANKINCOMEGROUP,PUBLISHED,Life expectancy (at birth),Lower-middle-income economies,MALE,66.50588099000000
90E2E48WHOSIS_000001,WHOSIS_000001,90E2E48,WHOSIS_000001,2015,YEAR,914,WORLDBANKINCOMEGROUP,PUBLISHED,Life expectancy (at birth),Upper-middle-income economies,MALE,71.78826529000000
90E2E48WHOSIS_000001,WHOSIS_000001,90E2E48,WHOSIS_000001,2007,YEAR,300,COUNTRY,PUBLISHED,Life expectancy (at birth),Greece,MALE,77.01317707000000
90E2E48WHOSIS_000001,WHOSIS_000001,90E2E48,WHOSIS_000001,2009,YEAR,724,COUNTRY,PUBLISHED,Life expectancy (at birth),Spain,MALE,78.38597723000000
90E2E48WHOSIS_000001,WHOSIS_000001,90E2E48,WHOSIS_000001,2009,YEAR,752,COUNTRY,PUBLISHED,Life expectancy (at birth),Sweden,MALE,79.21913864000000
90E2E48WHOSIS_000001,WHOSIS_000001,90E2E48,WHOSIS_000001,2010,YEAR,910,WORLDBANKINCOMEGROUP,PUBLISHED,Life expectancy (at birth),High-income economies,MALE,77.13320247000000
90E2E48WHOSIS_000001,WHOSIS_000001,90E2E48,WHOSIS_000001,2010,YEAR,911,WORLDBANKINCOMEGROUP,PUBLISHED,Life expectancy (at birth),Low-income economies,MALE,59.02745227000000
90E2E48WHOSIS_000001,WHOSIS_000001,90E2E48,WHOSIS_000001,2010,YEAR,912,WORLDBANKINCOMEGROUP,PUBLISHED,Life expectancy (at birth),Lower-middle-income economies,MALE,64.55813537000000
90E2E48WHOSIS_000001,WHOSIS_000001,90E2E48,WHOSIS_000001,2010,YEAR,914,WORLDBANKINCOMEGROUP,PUBLISHED,Life expectancy (at birth),Upper-middle-income economies,MALE,70.09359413000000
90E2E48WHOSIS_000001,WHOSIS_000001,90E2E48,WHOSIS_000001,2011,YEAR,001,GLOBAL,PUBLISHED,Life expectancy (at birth),World,MALE,68.36047859000000
90E2E48WHOSIS_000001,WHOSIS_000001,90E2E48,WHOSIS_000001,2013,YEAR,300,COUNTRY,PUBLISHED,Life expectancy (at birth),Greece,MALE,78.52883174000000
90E2E48WHOSIS_000001,WHOSIS_000001,90E2E48,WHOSIS_000001,2015,YEAR,724,COUNTRY,PUBLISHED,Life expectancy (at birth),Spain,MALE,79.66490800000000
90E2E48WHOSIS_000001,WHOSIS_000001,90E2E48,WHOSIS_000001,2015,YEAR,752,COUNTRY,PUBLISHED,Life expectancy (at birth),Sweden,MALE,79.96617583000000
90E2E48WHOSIS_000001,WHOSIS_000001,90E2E48,WHOSIS_000001,2009,YEAR,620,COUNTRY,PUBLISHED,Life expectancy (at birth),Portugal,MALE,76.26401014000000
90E2E48WHOSIS_000001,WHOSIS_000001,90E2E48,WHOSIS_000001,2010,YEAR,724,COUNTRY,PUBLISHED,Life expectancy (at birth),Spain,MALE,78.76347517000000
90E2E48WHOSIS_000001,WHOSIS_000001,90E2E48,WHOSIS_000001,2010,YEAR,752,COUNTRY,PUBLISHED,Life expectancy (at birth),Sweden,MALE,79.40709438000000
90E2E48WHOSIS_000001,WHOSIS_000001,90E2E48,WHOSIS_000001,2011,YEAR,912,WORLDBANKINCOMEGROUP,PUBLISHED,Life expectancy (at birth),Lower-middle-income economies,MALE,65.03648654000000
90E2E48WHOSIS_000001,WHOSIS_000001,90E2E48,WHOSIS_000001,2011,YEAR,914,WORLDBANKINCOMEGROUP,PUBLISHED,Life expectancy (at birth),Upper-middle-income economies,MALE,70.52555988000000
90E2E48WHOSIS_000001,WHOSIS_000001,90E2E48,WHOSIS_000001,2012,YEAR,001,GLOBAL,PUBLISHED,Life expectancy (at birth),World,MALE,68.73415185000000
90E2E48WHOSIS_000001,WHOSIS_000001,90E2E48,WHOSIS_000001,2015,YEAR,620,COUNTRY,PUBLISHED,Life expectancy (at birth),Portugal,MALE,77.92082616000000
90E2E48WHOSIS_000001,WHOSIS_000001,90E2E48,WHOSIS_000001,2008,YEAR,300,COUNTRY,PUBLISHED,Life expectancy (at birth),Greece,MALE,77.52392361000000
90E2E48WHOSIS_000001,WHOSIS_000001,90E2E48,WHOSIS_000001,2010,YEAR,620,COUNTRY,PUBLISHED,Life expectancy (at birth),Portugal,MALE,76.59593505000000
90E2E48WHOSIS_000001,WHOSIS_000001,90E2E48,WHOSIS_000001,2011,YEAR,752,COUNTRY,PUBLISHED,Life expectancy (at birth),Sweden,MALE,79.67689139000000
90E2E48WHOSIS_000001,WHOSIS_000001,90E2E48,WHOSIS_000001,2011,YEAR,910,WORLDBANKINCOMEGROUP,PUBLISHED,Life expectancy (at birth),High-income economies,MALE,77.37417612000000
90E2E48WHOSIS_000001,WHOSIS_000001,90E2E48,WHOSIS_000001,2011,YEAR,911,WORLDBANKINCOMEGROUP,PUBLISHED,Life expectancy (at birth),Low-income economies,MALE,59.11219162000000
90E2E48WHOSIS_000001,WHOSIS_000001,90E2E48,WHOSIS_000001,2014,YEAR,300,COUNTRY,PUBLISHED,Life expectancy (at birth),Greece,MALE,78.56288402000000
90E2E48WHOSIS_000001,WHOSIS_000001,90E2E48,WHOSIS_000001,2006,YEAR,910,WORLDBANKINCOMEGROUP,PUBLISHED,Life expectancy (at birth),High-income economies,MALE,76.10132054000000
90E2E48WHOSIS_000001,WHOSIS_000001,90E2E48,WHOSIS_000001,2006,YEAR,911,WORLDBANKINCOMEGROUP,PUBLISHED,Life expectancy (at birth),Low-income economies,MALE,56.68790532000000
90E2E48WHOSIS_000001,WHOSIS_000001,90E2E48,WHOSIS_000001,2006,YEAR,912,WORLDBANKINCOMEGROUP,PUBLISHED,Life expectancy (at birth),Lower-middle-income economies,MALE,63.20575130000000
90E2E48WHOSIS_000001,WHOSIS_000001,90E2E48,WHOSIS_000001,2006,YEAR,914,WORLDBANKINCOMEGROUP,PUBLISHED,Life expectancy (at birth),Upper-middle-income economies,MALE,68.74919683000000
90E2E48WHOSIS_000001,WHOSIS_000001,90E2E48,WHOSIS_000001,2007,YEAR,001,GLOBAL,PUBLISHED,Life expectancy (at birth),World,MALE,66.92483749000000
90E2E48WHOSIS_000001,WHOSIS_000001,90E2E48,WHOSIS_000001,2009,YEAR,300,COUNTRY,PUBLISHED,Life expectancy (at birth),Greece,MALE,77.52556313000000
90E2E48WHOSIS_000001,WHOSIS_000001,90E2E48,WHOSIS_000001,2011,YEAR,620,COUNTRY,PUBLISHED,Life expectancy (at birth),Portugal,MALE,77.05215317000000
90E2E48WHOSIS_000001,WHOSIS_000001,90E2E48,WHOSIS_000001,2011,YEAR,724,COUNTRY,PUBLISHED,Life expectancy (at birth),Spain,MALE,78.96275540000000
90E2E48WHOSIS_000001,WHOSIS_000001,90E2E48,WHOSIS_000001,2012,YEAR,910,WORLDBANKINCOMEGROUP,PUBLISHED,Life expectancy (at birth),High-income economies,MALE,77.56079419000000
90E2E48WHOSIS_000001,WHOSIS_000001,90E2E48,WHOSIS_000001,2012,YEAR,911,WORLDBANKINCOMEGROUP,PUBLISHED,Life expectancy (at birth),Low-income economies,MALE,59.46653140000000
90E2E48WHOSIS_000001,WHOSIS_000001,90E2E48,WHOSIS_000001,2012,YEAR,912,WORLDBANKINCOMEGROUP,PUBLISHED,Life expectancy (at birth),Lower-middle-income economies,MALE,65.47044063000000
90E2E48WHOSIS_000001,WHOSIS_000001,90E2E48,WHOSIS_000001,2012,YEAR,914,WORLDBANKINCOMEGROUP,PUBLISHED,Life expectancy (at birth),Upper-middle-income economies,MALE,70.91818358000000
90E2E48WHOSIS_000001,WHOSIS_000001,90E2E48,WHOSIS_000001,2013,YEAR,001,GLOBAL,PUBLISHED,Life expectancy (at birth),World,MALE,69.08502299000000
90E2E48WHOSIS_000001,WHOSIS_000001,90E2E48,WHOSIS_000001,2015,YEAR,300,COUNTRY,PUBLISHED,Life expectancy (at birth),Greece,MALE,78.16406622000000
90E2E48WHOSIS_000001,WHOSIS_000001,90E2E48,WHOSIS_000001,2016,YEAR,300,COUNTRY,PUBLISHED,Life expectancy (at birth),Greece,MALE,78.52796486000000
90E2E48WHOSIS_000001,WHOSIS_000001,90E2E48,WHOSIS_000001,2018,YEAR,724,COUNTRY,PUBLISHED,Life expectancy (at birth),Spain,MALE,80.15362426000000
90E2E48WHOSIS_000001,WHOSIS_000001,90E2E48,WHOSIS_000001,2018,YEAR,752,COUNTRY,PUBLISHED,Life expectancy (at birth),Sweden,MALE,80.61152980000000
90E2E48WHOSIS_000001,WHOSIS_000001,90E2E48,WHOSIS_000001,2019,YEAR,910,WORLDBANKINCOMEGROUP,PUBLISHED,Life expectancy (at birth),High-income economies,MALE,78.48015696000000
90E2E48WHOSIS_000001,WHOSIS_000001,90E2E48,WHOSIS_000001,2019,YEAR,911,WORLDBANKINCOMEGROUP,PUBLISHED,Life expectancy (at birth),Low-income economies,MALE,62.10075747000000
90E2E48WHOSIS_000001,WHOSIS_000001,90E2E48,WHOSIS_000001,2019,YEAR,912,WORLDBANKINCOMEGROUP,PUBLISHED,Life expectancy (at birth),Lower-middle-income economies,MALE,67.69803299000000
90E2E48WHOSIS_000001,WHOSIS_000001,90E2E48,WHOSIS_000001,2019,YEAR,914,WORLDBANKINCOMEGROUP,PUBLISHED,Life expectancy (at birth),Upper-middle-income economies,MALE,72.73311728000000
90E2E48WHOSIS_000001,WHOSIS_000001,90E2E48,WHOSIS_000001,2020,YEAR,001,GLOBAL,PUBLISHED,Life expectancy (at birth),World,MALE,69.80764516000000
90E2E48WHOSIS_000001,WHOSIS_000001,90E2E48,WHOSIS_000001,2018,YEAR,620,COUNTRY,PUBLISHED,Life expectancy (at birth),Portugal,MALE,78.02010294000000
90E2E48WHOSIS_000001,WHOSIS_000001,90E2E48,WHOSIS_000001,2019,YEAR,724,COUNTRY,PUBLISHED,Life expectancy (at birth),Spain,MALE,80.53744655000000
90E2E48WHOSIS_000001,WHOSIS_000001,90E2E48,WHOSIS_000001,2019,YEAR,752,COUNTRY,PUBLISHED,Life expectancy (at birth),Sweden,MALE,81.16795400000000
90E2E48WHOSIS_000001,WHOSIS_000001,90E2E48,WHOSIS_000001,2020,YEAR,910,WORLDBANKINCOMEGROUP,PUBLISHED,Life expectancy (at birth),High-income economies,MALE,77.38933622000000
90E2E48WHOSIS_000001,WHOSIS_000001,90E2E48,WHOSIS_000001,2020,YEAR,911,WORLDBANKINCOMEGROUP,PUBLISHED,Life expectancy (at birth),Low-income economies,MALE,62.04739003000000
90E2E48WHOSIS_000001,WHOSIS_000001,90E2E48,WHOSIS_000001,2020,YEAR,912,WORLDBANKINCOMEGROUP,PUBLISHED,Life expectancy (at birth),Lower-middle-income economies,MALE,66.96124544000000
90E2E48WHOSIS_000001,WHOSIS_000001,90E2E48,WHOSIS_000001,2020,YEAR,914,WORLDBANKINCOMEGROUP,PUBLISHED,Life expectancy (at birth),Upper-middle-income economies,MALE,71.83933912000000
90E2E48WHOSIS_000001,WHOSIS_000001,90E2E48,WHOSIS_000001,2021,YEAR,001,GLOBAL,PUBLISHED,Life expectancy (at birth),World,MALE,68.89192705000000
90E2E48WHOSIS_000001,WHOSIS_000001,90E2E48,WHOSIS_000001,2017,YEAR,300,COUNTRY,PUBLISHED,Life expectancy (at birth),Greece,MALE,78.53350845000000
90E2E48WHOSIS_000001,WHOSIS_000001,90E2E48,WHOSIS_000001,2019,YEAR,620,COUNTRY,PUBLISHED,Life expectancy (at birth),Portugal,MALE,78.37896875000000
90E2E48WHOSIS_000001,WHOSIS_000001,90E2E48,WHOSIS_000001,2020,YEAR,724,COUNTRY,PUBLISHED,Life expectancy (at birth),Spain,MALE,79.31605523000000
90E2E48WHOSIS_000001,WHOSIS_000001,90E2E48,WHOSIS_000001,2020,YEAR,752,COUNTRY,PUBLISHED,Life expectancy (at birth),Sweden,MALE,80.38890371000000
90E2E48WHOSIS_000001,WHOSIS_000001,90E2E48,WHOSIS_000001,2018,YEAR,300,COUNTRY,PUBLISHED,Life expectancy (at birth),Greece,MALE,78.86212624000000
90E2E48WHOSIS_000001,WHOSIS_000001,90E2E48,WHOSIS_000001,2020,YEAR,620,COUNTRY,PUBLISHED,Life expectancy (at birth),Portugal,MALE,77.81551633000000
90E2E48WHOSIS_000001,WHOSIS_000001,90E2E48,WHOSIS_000001,2021,YEAR,910,WORLDBANKINCOMEGROUP,PUBLISHED,Life expectancy (at birth),High-income economies,MALE,77.07009971000000
90E2E48WHOSIS_000001,WHOSIS_000001,90E2E48,WHOSIS_000001,2021,YEAR,911,WORLDBANKINCOMEGROUP,PUBLISHED,Life expectancy (at birth),Low-income economies,MALE,61.58379919000000
90E2E48WHOSIS_000001,WHOSIS_000001,90E2E48,WHOSIS_000001,2021,YEAR,912,WORLDBANKINCOMEGROUP,PUBLISHED,Life expectancy (at birth),Lower-middle-income economies,MALE,65.33251985000000
90E2E48WHOSIS_000001,WHOSIS_000001,90E2E48,WHOSIS_000001,2021,YEAR,914,WORLDBANKINCOMEGROUP,PUBLISHED,Life expectancy (at birth),Upper-middle-income economies,MALE,71.41764719000000
90E2E48WHOSIS_000001,WHOSIS_000001,90E2E48,WHOSIS_000001,2016,YEAR,910,WORLDBANKINCOMEGROUP,PUBLISHED,Life expectancy (at birth),High-income economies,MALE,78.10185153000000
90E2E48WHOSIS_000001,WHOSIS_000001,90E2E48,WHOSIS_000001,2016,YEAR,911,WORLDBANKINCOMEGROUP,PUBLISHED,Life expectancy (at birth),Low-income economies,MALE,60.74663911000000
90E2E48WHOSIS_000001,WHOSIS_000001,90E2E48,WHOSIS_000001,2016,YEAR,912,WORLDBANKINCOMEGROUP,PUBLISHED,Life expectancy (at birth),Lower-middle-income economies,MALE,66.91840776000000
90E2E48WHOSIS_000001,WHOSIS_000001,90E2E48,WHOSIS_000001,2016,YEAR,914,WORLDBANKINCOMEGROUP,PUBLISHED,Life expectancy (at birth),Upper-middle-income economies,MALE,71.94696743000000
90E2E48WHOSIS_000001,WHOSIS_000001,90E2E48,WHOSIS_000001,2017,YEAR,001,GLOBAL,PUBLISHED,Life expectancy (at birth),World,MALE,70.15250413000000
90E2E48WHOSIS_000001,WHOSIS_000001,90E2E48,WHOSIS_000001,2019,YEAR,300,COUNTRY,PUBLISHED,Life expectancy (at birth),Greece,MALE,78.79703930000000
90E2E48WHOSIS_000001,WHOSIS_000001,90E2E48,WHOSIS_000001,2021,YEAR,724,COUNTRY,PUBLISHED,Life expectancy (at birth),Spain,MALE,79.98630023000000
90E2E48WHOSIS_000001,WHOSIS_000001,90E2E48,WHOSIS_000001,2021,YEAR,752,COUNTRY,PUBLISHED,Life expectancy (at birth),Sweden,MALE,81.02212976000000
90E2E48WHOSIS_000001,WHOSIS_000001,90E2E48,WHOSIS_000001,2016,YEAR,724,COUNTRY,PUBLISHED,Life expectancy (at birth),Spain,MALE,80.04204280000000
90E2E48WHOSIS_000001,WHOSIS_000001,90E2E48,WHOSIS_000001,2016,YEAR,752,COUNTRY,PUBLISHED,Life expectancy (at birth),Sweden,MALE,80.36714012000000
90E2E48WHOSIS_000001,WHOSIS_000001,90E2E48,WHOSIS_000001,2017,YEAR,910,WORLDBANKINCOMEGROUP,PUBLISHED,Life expectancy (at birth),High-income economies,MALE,78.14184047000000
90E2E48WHOSIS_000001,WHOSIS_000001,90E2E48,WHOSIS_000001,2017,YEAR,911,WORLDBANKINCOMEGROUP,PUBLISHED,Life expectancy (at birth),Low-income economies,MALE,61.05711660000000
90E2E48WHOSIS_000001,WHOSIS_000001,90E2E48,WHOSIS_000001,2017,YEAR,912,WORLDBANKINCOMEGROUP,PUBLISHED,Life expectancy (at birth),Lower-middle-income economies,MALE,67.20327507000000
90E2E48WHOSIS_000001,WHOSIS_000001,90E2E48,WHOSIS_000001,2017,YEAR,914,WORLDBANKINCOMEGROUP,PUBLISHED,Life expectancy (at birth),Upper-middle-income economies,MALE,72.29967120000000
90E2E48WHOSIS_000001,WHOSIS_000001,90E2E48,WHOSIS_000001,2018,YEAR,001,GLOBAL,PUBLISHED,Life expectancy (at birth),World,MALE,70.37585990000000
90E2E48WHOSIS_000001,WHOSIS_000001,90E2E48,WHOSIS_000001,2021,YEAR,620,COUNTRY,PUBLISHED,Life expectancy (at birth),Portugal,MALE,78.27280839000000
90E2E48WHOSIS_000001,WHOSIS_000001,90E2E48,WHOSIS_000001,2016,YEAR,620,COUNTRY,PUBLISHED,Life expectancy (at birth),Portugal,MALE,77.85111819000000
90E2E48WHOSIS_000001,WHOSIS_000001,90E2E48,WHOSIS_000001,2017,YEAR,752,COUNTRY,PUBLISHED,Life expectancy (at birth),Sweden,MALE,80.50176231000000
90E2E48WHOSIS_000001,WHOSIS_000001,90E2E48,WHOSIS_000001,2019,YEAR,001,GLOBAL,PUBLISHED,Life expectancy (at birth),World,MALE,70.61350058000000
90E2E48WHOSIS_000001,WHOSIS_000001,90E2E48,WHOSIS_000001,2020,YEAR,300,COUNTRY,PUBLISHED,Life expectancy (at birth),Greece,MALE,78.49334594000000
90E2E48WHOSIS_000001,WHOSIS_000001,90E2E48,WHOSIS_000001,2017,YEAR,620,COUNTRY,PUBLISHED,Life expectancy (at birth),Portugal,MALE,78.11638146000000
90E2E48WHOSIS_000001,WHOSIS_000001,90E2E48,WHOSIS_000001,2017,YEAR,724,COUNTRY,PUBLISHED,Life expectancy (at birth),Spain,MALE,80.07545191000000
90E2E48WHOSIS_000001,WHOSIS_000001,90E2E48,WHOSIS_000001,2018,YEAR,910,WORLDBANKINCOMEGROUP,PUBLISHED,Life expectancy (at birth),High-income economies,MALE,78.25163885000000
90E2E48WHOSIS_000001,WHOSIS_000001,90E2E48,WHOSIS_000001,2018,YEAR,911,WORLDBANKINCOMEGROUP,PUBLISHED,Life expectancy (at birth),Low-income economies,MALE,61.50282165000000
90E2E48WHOSIS_000001,WHOSIS_000001,90E2E48,WHOSIS_000001,2018,YEAR,912,WORLDBANKINCOMEGROUP,PUBLISHED,Life expectancy (at birth),Lower-middle-income economies,MALE,67.43947437000000
90E2E48WHOSIS_000001,WHOSIS_000001,90E2E48,WHOSIS_000001,2018,YEAR,914,WORLDBANKINCOMEGROUP,PUBLISHED,Life expectancy (at birth),Upper-middle-income economies,MALE,72.55306401000000
90E2E48WHOSIS_000001,WHOSIS_000001,90E2E48,WHOSIS_000001,2021,YEAR,300,COUNTRY,PUBLISHED,Life expectancy (at birth),Greece,MALE,77.25505569000000
90E2E48WHOSIS_000001,WHOSIS_000001,90E2E48,WHOSIS_000001,2000,YEAR,724,COUNTRY,PUBLISHED,Life expectancy (at birth),Spain,TOTAL,79.09037288000000
90E2E48WHOSIS_000001,WHOSIS_000001,90E2E48,WHOSIS_000001,2000,YEAR,752,COUNTRY,PUBLISHED,Life expectancy (at birth),Sweden,TOTAL,79.57418828000000
90E2E48WHOSIS_000001,WHOSIS_000001,90E2E48,WHOSIS_000001,2001,YEAR,910,WORLDBANKINCOMEGROUP,PUBLISHED,Life expectancy (at birth),High-income economies,TOTAL,77.77308056000000
90E2E48WHOSIS_000001,WHOSIS_000001,90E2E48,WHOSIS_000001,2001,YEAR,911,WORLDBANKINCOMEGROUP,PUBLISHED,Life expectancy (at birth),Low-income economies,TOTAL,54.40413809000000
90E2E48WHOSIS_000001,WHOSIS_000001,90E2E48,WHOSIS_000001,2001,YEAR,912,WORLDBANKINCOMEGROUP,PUBLISHED,Life expectancy (at birth),Lower-middle-income economies,TOTAL,62.98194731000000
90E2E48WHOSIS_000001,WHOSIS_000001,90E2E48,WHOSIS_000001,2001,YEAR,914,WORLDBANKINCOMEGROUP,PUBLISHED,Life expectancy (at birth),Upper-middle-income economies,TOTAL,70.02443002000000
90E2E48WHOSIS_000001,WHOSIS_000001,90E2E48,WHOSIS_000001,2002,YEAR,001,GLOBAL,PUBLISHED,Life expectancy (at birth),World,TOTAL,67.35830321000000
90E2E48WHOSIS_000001,WHOSIS_000001,90E2E48,WHOSIS_000001,2004,YEAR,300,COUNTRY,PUBLISHED,Life expectancy (at birth),Greece,TOTAL,79.21171660000000
90E2E48WHOSIS_000001,WHOSIS_000001,90E2E48,WHOSIS_000001,2000,YEAR,620,COUNTRY,PUBLISHED,Life expectancy (at birth),Portugal,TOTAL,76.58820219000000
90E2E48WHOSIS_000001,WHOSIS_000001,90E2E48,WHOSIS_000001,2001,YEAR,724,COUNTRY,PUBLISHED,Life expectancy (at birth),Spain,TOTAL,79.39483865000000
90E2E48WHOSIS_000001,WHOSIS_000001,90E2E48,WHOSIS_000001,2001,YEAR,752,COUNTRY,PUBLISHED,Life expectancy (at birth),Sweden,TOTAL,79.66920996000000
90E2E48WHOSIS_000001,WHOSIS_000001,90E2E48,WHOSIS_000001,2003,YEAR,001,GLOBAL,PUBLISHED,Life expectancy (at birth),World,TOTAL,67.61658000000000
90E2E48WHOSIS_000001,WHOSIS_000001,90E2E48,WHOSIS_000001,2006,YEAR,620,COUNTRY,PUBLISHED,Life expectancy (at birth),Portugal,TOTAL,78.74114417000000
90E2E48WHOSIS_000001,WHOSIS_000001,90E2E48,WHOSIS_000001,2001,YEAR,620,COUNTRY,PUBLISHED,Life expectancy (at birth),Portugal,TOTAL,76.92951203000000
90E2E48WHOSIS_000001,WHOSIS_000001,90E2E48,WHOSIS_000001,2002,YEAR,910,WORLDBANKINCOMEGROUP,PUBLISHED,Life expectancy (at birth),High-income economies,TOTAL,77.91958141000000
90E2E48WHOSIS_000001,WHOSIS_000001,90E2E48,WHOSIS_000001,2002,YEAR,911,WORLDBANKINCOMEGROUP,PUBLISHED,Life expectancy (at birth),Low-income economies,TOTAL,55.01066748000000
90E2E48WHOSIS_000001,WHOSIS_000001,90E2E48,WHOSIS_000001,2002,YEAR,912,WORLDBANKINCOMEGROUP,PUBLISHED,Life expectancy (at birth),Lower-middle-income economies,TOTAL,63.35215132000000
90E2E48WHOSIS_000001,WHOSIS_000001,90E2E48,WHOSIS_000001,2002,YEAR,914,WORLDBANKINCOMEGROUP,PUBLISHED,Life expectancy (at birth),Upper-middle-income economies,TOTAL,70.18112730000000
90E2E48WHOSIS_000001,WHOSIS_000001,90E2E48,WHOSIS_000001,2005,YEAR,300,COUNTRY,PUBLISHED,Life expectancy (at birth),Greece,TOTAL,79.40149641000000
90E2E48WHOSIS_000001,WHOSIS_000001,90E2E48,WHOSIS_000001,2000,YEAR,300,COUNTRY,PUBLISHED,Life expectancy (at birth),Greece,TOTAL,78.42147917000000
90E2E48WHOSIS_000001,WHOSIS_000001,90E2E48,WHOSIS_000001,2002,YEAR,724,COUNTRY,PUBLISHED,Life expectancy (at birth),Spain,TOTAL,79.48845207000000
90E2E48WHOSIS_000001,WHOSIS_000001,90E2E48,WHOSIS_000001,2002,YEAR,752,COUNTRY,PUBLISHED,Life expectancy (at birth),Sweden,TOTAL,79.75650347000000
90E2E48WHOSIS_000001,WHOSIS_000001,90E2E48,WHOSIS_000001,2003,YEAR,910,WORLDBANKINCOMEGROUP,PUBLISHED,Life expectancy (at birth),High-income economies,TOTAL,78.01340604000000
90E2E48WHOSIS_000001,WHOSIS_000001,90E2E48,WHOSIS_000001,2003,YEAR,911,WORLDBANKINCOMEGROUP,PUBLISHED,Life expectancy (at birth),Low-income economies,TOTAL,55.88365980000000
90E2E48WHOSIS_000001,WHOSIS_000001,90E2E48,WHOSIS_000001,2003,YEAR,912,WORLDBANKINCOMEGROUP,PUBLISHED,Life expectancy (at birth),Lower-middle-income economies,TOTAL,63.69823422000000
90E2E48WHOSIS_000001,WHOSIS_000001,90E2E48,WHOSIS_000001,2003,YEAR,914,WORLDBANKINCOMEGROUP,PUBLISHED,Life expectancy (at birth),Upper-middle-income economies,TOTAL,70.31483368000000
90E2E48WHOSIS_000001,WHOSIS_000001,90E2E48,WHOSIS_000001,2004,YEAR,001,GLOBAL,PUBLISHED,Life expectancy (at birth),World,TOTAL,67.95251087000000
90E2E48WHOSIS_000001,WHOSIS_000001,90E2E48,WHOSIS_000001,2006,YEAR,300,COUNTRY,PUBLISHED,Life expectancy (at birth),Greece,TOTAL,79.74258324000000
90E2E48WHOSIS_000001,WHOSIS_000001,90E2E48,WHOSIS_000001,2001,YEAR,300,COUNTRY,PUBLISHED,Life expectancy (at birth),Greece,TOTAL,78.82217341000000
90E2E48WHOSIS_000001,WHOSIS_000001,90E2E48,WHOSIS_000001,2002,YEAR,620,COUNTRY,PUBLISHED,Life expectancy (at birth),Portugal,TOTAL,77.14647451000000
90E2E48WHOSIS_000001,WHOSIS_000001,90E2E48,WHOSIS_000001,2003,YEAR,724,COUNTRY,PUBLISHED,Life expectancy (at birth),Spain,TOTAL,79.41351479000000
90E2E48WHOSIS_000001,WHOSIS_000001,90E2E48,WHOSIS_000001,2003,YEAR,752,COUNTRY,PUBLISHED,Life expectancy (at birth),Sweden,TOTAL,80.00643909000000
90E2E48WHOSIS_000001,WHOSIS_000001,90E2E48,WHOSIS_000001,2004,YEAR,910,WORLDBANKINCOMEGROUP,PUBLISHED,Life expectancy (at birth),High-income economies,TOTAL,78.48672448000000
90E2E48WHOSIS_000001,WHOSIS_000001,90E2E48,WHOSIS_000001,2004,YEAR,911,WORLDBANKINCOMEGROUP,PUBLISHED,Life expectancy (at birth),Low-income economies,TOTAL,56.58061879000000
90E2E48WHOSIS_000001,WHOSIS_000001,90E2E48,WHOSIS_000001,2004,YEAR,912,WORLDBANKINCOMEGROUP,PUBLISHED,Life expectancy (at birth),Lower-middle-income economies,TOTAL,64.12115275000000
90E2E48WHOSIS_000001,WHOSIS_000001,90E2E48,WHOSIS_000001,2004,YEAR,914,WORLDBANKINCOMEGROUP,PUBLISHED,Life expectancy (at birth),Upper-middle-income economies,TOTAL,70.37973198000000
90E2E48WHOSIS_000001,WHOSIS_000001,90E2E48,WHOSIS_000001,2005,YEAR,001,GLOBAL,PUBLISHED,Life expectancy (at birth),World,TOTAL,68.38661135000000
90E2E48WHOSIS_000001,WHOSIS_000001,90E2E48,WHOSIS_000001,2000,YEAR,001,GLOBAL,PUBLISHED,Life expectancy (at birth),World,TOTAL,66.77085146000000
90E2E48WHOSIS_000001,WHOSIS_000001,90E2E48,WHOSIS_000001,2003,YEAR,620,COUNTRY,PUBLISHED,Life expectancy (at birth),Portugal,TOTAL,77.31485554000000
90E2E48WHOSIS_000001,WHOSIS_000001,90E2E48,WHOSIS_000001,2004,YEAR,724,COUNTRY,PUBLISHED,Life expectancy (at birth),Spain,TOTAL,79.99552369000000
90E2E48WHOSIS_000001,WHOSIS_000001,90E2E48,WHOSIS_000001,2004,YEAR,752,COUNTRY,PUBLISHED,Life expectancy (at birth),Sweden,TOTAL,80.35214323000000
90E2E48WHOSIS_000001,WHOSIS_000001,90E2E48,WHOSIS_000001,2006,YEAR,001,GLOBAL,PUBLISHED,Life expectancy (at birth),World,TOTAL,68.98465081000000
90E2E48WHOSIS_000001,WHOSIS_000001,90E2E48,WHOSIS_000001,2002,YEAR,300,COUNTRY,PUBLISHED,Life expectancy (at birth),Greece,TOTAL,78.97253017000000
90E2E48WHOSIS_000001,WHOSIS_000001,90E2E48,WHOSIS_000001,2004,YEAR,620,COUNTRY,PUBLISHED,Life expectancy (at birth),Portugal,TOTAL,78.12094465000000
90E2E48WHOSIS_000001,WHOSIS_000001,90E2E48,WHOSIS_000001,2005,YEAR,910,WORLDBANKINCOMEGROUP,PUBLISHED,Life expectancy (at birth),High-income economies,TOTAL,78.55484133000000
90E2E48WHOSIS_000001,WHOSIS_000001,90E2E48,WHOSIS_000001,2005,YEAR,911,WORLDBANKINCOMEGROUP,PUBLISHED,Life expectancy (at birth),Low-income economies,TOTAL,57.38958544000000
90E2E48WHOSIS_000001,WHOSIS_000001,90E2E48,WHOSIS_000001,2005,YEAR,912,WORLDBANKINCOMEGROUP,PUBLISHED,Life expectancy (at birth),Lower-middle-income economies,TOTAL,64.51534212000000
90E2E48WHOSIS_000001,WHOSIS_000001,90E2E48,WHOSIS_000001,2005,YEAR,914,WORLDBANKINCOMEGROUP,PUBLISHED,Life expectancy (at birth),Upper-middle-income economies,TOTAL,70.93951410000000
90E2E48WHOSIS_000001,WHOSIS_000001,90E2E48,WHOSIS_000001,2000,YEAR,910,WORLDBANKINCOMEGROUP,PUBLISHED,Life expectancy (at birth),High-income economies,TOTAL,77.53178071000000
90E2E48WHOSIS_000001,WHOSIS_000001,90E2E48,WHOSIS_000001,2000,YEAR,911,WORLDBANKINCOMEGROUP,PUBLISHED,Life expectancy (at birth),Low-income economies,TOTAL,53.61347237000000
90E2E48WHOSIS_000001,WHOSIS_000001,90E2E48,WHOSIS_000001,2000,YEAR,912,WORLDBANKINCOMEGROUP,PUBLISHED,Life expectancy (at birth),Lower-middle-income economies,TOTAL,62.60002727000000
90E2E48WHOSIS_000001,WHOSIS_000001,90E2E48,WHOSIS_000001,2000,YEAR,914,WORLDBANKINCOMEGROUP,PUBLISHED,Life expectancy (at birth),Upper-middle-income economies,TOTAL,69.79700261000000
90E2E48WHOSIS_000001,WHOSIS_000001,90E2E48,WHOSIS_000001,2001,YEAR,001,GLOBAL,PUBLISHED,Life expectancy (at birth),World,TOTAL,67.09900665000000
90E2E48WHOSIS_000001,WHOSIS_000001,90E2E48,WHOSIS_000001,2003,YEAR,300,COUNTRY,PUBLISHED,Life expectancy (at birth),Greece,TOTAL,79.09193720000000
90E2E48WHOSIS_000001,WHOSIS_000001,90E2E48,WHOSIS_000001,2005,YEAR,620,COUNTRY,PUBLISHED,Life expectancy (at birth),Portugal,TOTAL,77.99178078000000
90E2E48WHOSIS_000001,WHOSIS_000001,90E2E48,WHOSIS_000001,2005,YEAR,724,COUNTRY,PUBLISHED,Life expectancy (at birth),Spain,TOTAL,80.00981734000000
90E2E48WHOSIS_000001,WHOSIS_000001,90E2E48,WHOSIS_000001,2005,YEAR,752,COUNTRY,PUBLISHED,Life expectancy (at birth),Sweden,TOTAL,80.42437190000000
90E2E48WHOSIS_000001,WHOSIS_000001,90E2E48,WHOSIS_000001,2006,YEAR,724,COUNTRY,PUBLISHED,Life expectancy (at birth),Spain,TOTAL,80.67223061000000
90E2E48WHOSIS_000001,WHOSIS_000001,90E2E48,WHOSIS_000001,2006,YEAR,752,COUNTRY,PUBLISHED,Life expectancy (at birth),Sweden,TOTAL,80.63113222000000
90E2E48WHOSIS_000001,WHOSIS_000001,90E2E48,WHOSIS_000001,2007,YEAR,910,WORLDBANKINCOMEGROUP,PUBLISHED,Life expectancy (at birth),High-income economies,TOTAL,79.13737329000000
90E2E48WHOSIS_000001,WHOSIS_000001,90E2E48,WHOSIS_000001,2007,YEAR,911,WORLDBANKINCOMEGROUP,PUBLISHED,Life expectancy (at birth),Low-income economies,TOTAL,58.89891622000000
90E2E48WHOSIS_000001,WHOSIS_000001,90E2E48,WHOSIS_000001,2007,YEAR,912,WORLDBANKINCOMEGROUP,PUBLISHED,Life expectancy (at birth),Lower-middle-income economies,TOTAL,65.31977487000000
90E2E48WHOSIS_000001,WHOSIS_000001,90E2E48,WHOSIS_000001,2007,YEAR,914,WORLDBANKINCOMEGROUP,PUBLISHED,Life expectancy (at birth),Upper-middle-income economies,TOTAL,72.11880953000000
90E2E48WHOSIS_000001,WHOSIS_000001,90E2E48,WHOSIS_000001,2008,YEAR,001,GLOBAL,PUBLISHED,Life expectancy (at birth),World,TOTAL,69.70064415000000
90E2E48WHOSIS_000001,WHOSIS_000001,90E2E48,WHOSIS_000001,2010,YEAR,300,COUNTRY,PUBLISHED,Life expectancy (at birth),Greece,TOTAL,80.23861699000000
90E2E48WHOSIS_000001,WHOSIS_000001,90E2E48,WHOSIS_000001,2012,YEAR,724,COUNTRY,PUBLISHED,Life expectancy (at birth),Spain,TOTAL,81.95953750000000
90E2E48WHOSIS_000001,WHOSIS_000001,90E2E48,WHOSIS_000001,2012,YEAR,752,COUNTRY,PUBLISHED,Life expectancy (at birth),Sweden,TOTAL,81.46624768000000
90E2E48WHOSIS_000001,WHOSIS_000001,90E2E48,WHOSIS_000001,2013,YEAR,910,WORLDBANKINCOMEGROUP,PUBLISHED,Life expectancy (at birth),High-income economies,TOTAL,80.30511012000000
90E2E48WHOSIS_000001,WHOSIS_000001,90E2E48,WHOSIS_000001,2013,YEAR,911,WORLDBANKINCOMEGROUP,PUBLISHED,Life expectancy (at birth),Low-income economies,TOTAL,61.93490536000000
90E2E48WHOSIS_000001,WHOSIS_000001,90E2E48,WHOSIS_000001,2013,YEAR,912,WORLDBANKINCOMEGROUP,PUBLISHED,Life expectancy (at birth),Lower-middle-income economies,TOTAL,67.72575062000000
90E2E48WHOSIS_000001,WHOSIS_000001,90E2E48,WHOSIS_000001,2013,YEAR,914,WORLDBANKINCOMEGROUP,PUBLISHED,Life expectancy (at birth),Upper-middle-income economies,TOTAL,74.28341937000000
90E2E48WHOSIS_000001,WHOSIS_000001,90E2E48,WHOSIS_000001,2014,YEAR,001,GLOBAL,PUBLISHED,Life expectancy (at birth),World,TOTAL,71.94618807000000
90E2E48WHOSIS_000001,WHOSIS_000001,90E2E48,WHOSIS_000001,2007,YEAR,724,COUNTRY,PUBLISHED,Life expectancy (at birth),Spain,TOTAL,80.67591348000000
90E2E48WHOSIS_000001,WHOSIS_000001,90E2E48,WHOSIS_000001,2007,YEAR,752,COUNTRY,PUBLISHED,Life expectancy (at birth),Sweden,TOTAL,80.77300072000000
90E2E48WHOSIS_000001,WHOSIS_000001,90E2E48,WHOSIS_000001,2008,YEAR,914,WORLDBANKINCOMEGROUP,PUBLISHED,Life expectancy (at birth),Upper-middle-income economies,TOTAL,72.36198140000000
90E2E48WHOSIS_000001,WHOSIS_000001,90E2E48,WHOSIS_000001,2009,YEAR,001,GLOBAL,PUBLISHED,Life expectancy (at birth),World,TOTAL,70.21807678000000
90E2E48WHOSIS_000001,WHOSIS_000001,90E2E48,WHOSIS_000001,2012,YEAR,620,COUNTRY,PUBLISHED,Life expectancy (at birth),Portugal,TOTAL,80.21024339000000
90E2E48WHOSIS_000001,WHOSIS_000001,90E2E48,WHOSIS_000001,2013,YEAR,724,COUNTRY,PUBLISHED,Life expectancy (at birth),Spain,TOTAL,82.47881258000000
90E2E48WHOSIS_000001,WHOSIS_000001,90E2E48,WHOSIS_000001,2013,YEAR,752,COUNTRY,PUBLISHED,Life expectancy (at birth),Sweden,TOTAL,81.64075183000000
90E2E48WHOSIS_000001,WHOSIS_000001,90E2E48,WHOSIS_000001,2014,YEAR,911,WORLDBANKINCOMEGROUP,PUBLISHED,Life expectancy (at birth),Low-income economies,TOTAL,62.16568407000000
90E2E48WHOSIS_000001,WHOSIS_000001,90E2E48,WHOSIS_000001,2014,YEAR,912,WORLDBANKINCOMEGROUP,PUBLISHED,Life expectancy (at birth),Lower-middle-income economies,TOTAL,68.03975837000000
90E2E48WHOSIS_000001,WHOSIS_000001,90E2E48,WHOSIS_000001,2014,YEAR,914,WORLDBANKINCOMEGROUP,PUBLISHED,Life expectancy (at birth),Upper-middle-income economies,TOTAL,74.53468804000000
90E2E48WHOSIS_000001,WHOSIS_000001,90E2E48,WHOSIS_000001,2015,YEAR,001,GLOBAL,PUBLISHED,Life expectancy (at birth),World,TOTAL,72.18568947000000
90E2E48WHOSIS_000001,WHOSIS_000001,90E2E48,WHOSIS_000001,2007,YEAR,620,COUNTRY,PUBLISHED,Life expectancy (at birth),Portugal,TOTAL,78.95554595000000
90E2E48WHOSIS_000001,WHOSIS_000001,90E2E48,WHOSIS_000001,2008,YEAR,752,COUNTRY,PUBLISHED,Life expectancy (at birth),Sweden,TOTAL,80.92801630000000
90E2E48WHOSIS_000001,WHOSIS_000001,90E2E48,WHOSIS_000001,2008,YEAR,910,WORLDBANKINCOMEGROUP,PUBLISHED,Life expectancy (at birth),High-income economies,TOTAL,79.31835213000000
90E2E48WHOSIS_000001,WHOSIS_000001,90E2E48,WHOSIS_000001,2008,YEAR,911,WORLDBANKINCOMEGROUP,PUBLISHED,Life expectancy (at birth),Low-income economies,TOTAL,59.58629530000000
90E2E48WHOSIS_000001,WHOSIS_000001,90E2E48,WHOSIS_000001,2008,YEAR,912,WORLDBANKINCOMEGROUP,PUBLISHED,Life expectancy (at birth),Lower-middle-income economies,TOTAL,65.56521060000000
90E2E48WHOSIS_000001,WHOSIS_000001,90E2E48,WHOSIS_000001,2011,YEAR,300,COUNTRY,PUBLISHED,Life expectancy (at birth),Greece,TOTAL,80.35771121000000
90E2E48WHOSIS_000001,WHOSIS_000001,90E2E48,WHOSIS_000001,2013,YEAR,620,COUNTRY,PUBLISHED,Life expectancy (at birth),Portugal,TOTAL,80.52727852000000
90E2E48WHOSIS_000001,WHOSIS_000001,90E2E48,WHOSIS_000001,2014,YEAR,752,COUNTRY,PUBLISHED,Life expectancy (at birth),Sweden,TOTAL,81.92750078000000
90E2E48WHOSIS_000001,WHOSIS_000001,90E2E48,WHOSIS_000001,2014,YEAR,910,WORLDBANKINCOMEGROUP,PUBLISHED,Life expectancy (at birth),High-income economies,TOTAL,80.53130986000000
90E2E48WHOSIS_000001,WHOSIS_000001,90E2E48,WHOSIS_000001,2016,YEAR,001,GLOBAL,PUBLISHED,Life expectancy (at birth),World,TOTAL,72.43889094000000
90E2E48WHOSIS_000001,WHOSIS_000001,90E2E48,WHOSIS_000001,2008,YEAR,620,COUNTRY,PUBLISHED,Life expectancy (at birth),Portugal,TOTAL,79.19526814000000
90E2E48WHOSIS_000001,WHOSIS_000001,90E2E48,WHOSIS_000001,2008,YEAR,724,COUNTRY,PUBLISHED,Life expectancy (at birth),Spain,TOTAL,80.97341639000000
90E2E48WHOSIS_000001,WHOSIS_000001,90E2E48,WHOSIS_000001,2009,YEAR,910,WORLDBANKINCOMEGROUP,PUBLISHED,Life expectancy (at birth),High-income economies,TOTAL,79.61497249000000
90E2E48WHOSIS_000001,WHOSIS_000001,90E2E48,WHOSIS_000001,2009,YEAR,911,WORLDBANKINCOMEGROUP,PUBLISHED,Life expectancy (at birth),Low-income economies,TOTAL,60.19604573000000
90E2E48WHOSIS_000001,WHOSIS_000001,90E2E48,WHOSIS_000001,2009,YEAR,912,WORLDBANKINCOMEGROUP,PUBLISHED,Life expectancy (at birth),Lower-middle-income economies,TOTAL,66.22674258000000
90E2E48WHOSIS_000001,WHOSIS_000001,90E2E48,WHOSIS_000001,2009,YEAR,914,WORLDBANKINCOMEGROUP,PUBLISHED,Life expectancy (at birth),Upper-middle-income economies,TOTAL,72.75463410000000
90E2E48WHOSIS_000001,WHOSIS_000001,90E2E48,WHOSIS_000001,2010,YEAR,001,GLOBAL,PUBLISHED,Life expectancy (at birth),World,TOTAL,70.49808463000000
90E2E48WHOSIS_000001,WHOSIS_000001,90E2E48,WHOSIS_000001,2012,YEAR,300,COUNTRY,PUBLISHED,Life expectancy (at birth),Greece,TOTAL,80.23315335000000
90E2E48WHOSIS_000001,WHOSIS_000001,90E2E48,WHOSIS_000001,2014,YEAR,620,COUNTRY,PUBLISHED,Life expectancy (at birth),Portugal,TOTAL,80.89996435000000
90E2E48WHOSIS_000001,WHOSIS_000001,90E2E48,WHOSIS_000001,2014,YEAR,724,COUNTRY,PUBLISHED,Life expectancy (at birth),Spain,TOTAL,82.58446278000000
90E2E48WHOSIS_000001,WHOSIS_000001,90E2E48,WHOSIS_000001,2015,YEAR,910,WORLDBANKINCOMEGROUP,PUBLISHED,Life expectancy (at birth),High-income economies,TOTAL,80.39036377000000
90E2E48WHOSIS_000001,WHOSIS_000001,90E2E48,WHOSIS_000001,2015,YEAR,911,WORLDBANKINCOMEGROUP,PUBLISHED,Life expectancy (at birth),Low-income economies,TOTAL,62.58328954000000
90E2E48WHOSIS_000001,WHOSIS_000001,90E2E48,WHOSIS_000001,2015,YEAR,912,WORLDBANKINCOMEGROUP,PUBLISHED,Life expectancy (at birth),Lower-middle-income economies,TOTAL,68.38628464000000
90E2E48WHOSIS_000001,WHOSIS_000001,90E2E48,WHOSIS_000001,2015,YEAR,914,WORLDBANKINCOMEGROUP,PUBLISHED,Life expectancy (at birth),Upper-middle-income economies,TOTAL,74.81672772000000
90E2E48WHOSIS_000001,WHOSIS_000001,90E2E48,WHOSIS_000001,2007,YEAR,300,COUNTRY,PUBLISHED,Life expectancy (at birth),Greece,TOTAL,79.45113677000000
90E2E48WHOSIS_000001,WHOSIS_000001,90E2E48,WHOSIS_000001,2009,YEAR,724,COUNTRY,PUBLISHED,Life expectancy (at birth),Spain,TOTAL,81.32919045000000
90E2E48WHOSIS_000001,WHOSIS_000001,90E2E48,WHOSIS_000001,2009,YEAR,752,COUNTRY,PUBLISHED,Life expectancy (at birth),Sweden,TOTAL,81.14819040000000
90E2E48WHOSIS_000001,WHOSIS_000001,90E2E48,WHOSIS_000001,2010,YEAR,910,WORLDBANKINCOMEGROUP,PUBLISHED,Life expectancy (at birth),High-income economies,TOTAL,79.83143411000000
90E2E48WHOSIS_000001,WHOSIS_000001,90E2E48,WHOSIS_000001,2010,YEAR,911,WORLDBANKINCOMEGROUP,PUBLISHED,Life expectancy (at birth),Low-income economies,TOTAL,60.71751447000000
90E2E48WHOSIS_000001,WHOSIS_000001,90E2E48,WHOSIS_000001,2010,YEAR,912,WORLDBANKINCOMEGROUP,PUBLISHED,Life expectancy (at birth),Lower-middle-income economies,TOTAL,66.49609395000000
90E2E48WHOSIS_000001,WHOSIS_000001,90E2E48,WHOSIS_000001,2010,YEAR,914,WORLDBANKINCOMEGROUP,PUBLISHED,Life expectancy (at birth),Upper-middle-income economies,TOTAL,73.03544767000000
90E2E48WHOSIS_000001,WHOSIS_000001,90E2E48,WHOSIS_000001,2011,YEAR,001,GLOBAL,PUBLISHED,Life expectancy (at birth),World,TOTAL,70.93277488000000
90E2E48WHOSIS_000001,WHOSIS_000001,90E2E48,WHOSIS_000001,2013,YEAR,300,COUNTRY,PUBLISHED,Life expectancy (at birth),Greece,TOTAL,80.77961776000000
90E2E48WHOSIS_000001,WHOSIS_000001,90E2E48,WHOSIS_000001,2015,YEAR,724,COUNTRY,PUBLISHED,Life expectancy (at birth),Spain,TOTAL,82.32940416000000
90E2E48WHOSIS_000001,WHOSIS_000001,90E2E48,WHOSIS_000001,2015,YEAR,752,COUNTRY,PUBLISHED,Life expectancy (at birth),Sweden,TOTAL,81.74239456000000
90E2E48WHOSIS_000001,WHOSIS_000001,90E2E48,WHOSIS_000001,2009,YEAR,620,COUNTRY,PUBLISHED,Life expectancy (at birth),Portugal,TOTAL,79.40582714000000
90E2E48WHOSIS_000001,WHOSIS_000001,90E2E48,WHOSIS_000001,2010,YEAR,724,COUNTRY,PUBLISHED,Life expectancy (at birth),Spain,TOTAL,81.69305700000000
90E2E48WHOSIS_000001,WHOSIS_000001,90E2E48,WHOSIS_000001,2010,YEAR,752,COUNTRY,PUBLISHED,Life expectancy (at birth),Sweden,TOTAL,81.30465771000000
90E2E48WHOSIS_000001,WHOSIS_000001,90E2E48,WHOSIS_000001,2011,YEAR,912,WORLDBANKINCOMEGROUP,PUBLISHED,Life expectancy (at birth),Lower-middle-income economies,TOTAL,67.03129462000000
90E2E48WHOSIS_000001,WHOSIS_000001,90E2E48,WHOSIS_000001,2011,YEAR,914,WORLDBANKINCOMEGROUP,PUBLISHED,Life expectancy (at birth),Upper-middle-income economies,TOTAL,73.48016867000000
90E2E48WHOSIS_000001,WHOSIS_000001,90E2E48,WHOSIS_000001,2012,YEAR,001,GLOBAL,PUBLISHED,Life expectancy (at birth),World,TOTAL,71.30778194000000
90E2E48WHOSIS_000001,WHOSIS_000001,90E2E48,WHOSIS_000001,2015,YEAR,620,COUNTRY,PUBLISHED,Life expectancy (at birth),Portugal,TOTAL,80.89189476000000
90E2E48WHOSIS_000001,WHOSIS_000001,90E2E48,WHOSIS_000001,2008,YEAR,300,COUNTRY,PUBLISHED,Life expectancy (at birth),Greece,TOTAL,79.92924790000000
90E2E48WHOSIS_000001,WHOSIS_000001,90E2E48,WHOSIS_000001,2010,YEAR,620,COUNTRY,PUBLISHED,Life expectancy (at birth),Portugal,TOTAL,79.74021661000000
90E2E48WHOSIS_000001,WHOSIS_000001,90E2E48,WHOSIS_000001,2011,YEAR,752,COUNTRY,PUBLISHED,Life expectancy (at birth),Sweden,TOTAL,81.52274171000000
90E2E48WHOSIS_000001,WHOSIS_000001,90E2E48,WHOSIS_000001,2011,YEAR,910,WORLDBANKINCOMEGROUP,PUBLISHED,Life expectancy (at birth),High-income economies,TOTAL,80.00535625000000
90E2E48WHOSIS_000001,WHOSIS_000001,90E2E48,WHOSIS_000001,2011,YEAR,911,WORLDBANKINCOMEGROUP,PUBLISHED,Life expectancy (at birth),Low-income economies,TOTAL,60.89766106000000
90E2E48WHOSIS_000001,WHOSIS_000001,90E2E48,WHOSIS_000001,2014,YEAR,300,COUNTRY,PUBLISHED,Life expectancy (at birth),Greece,TOTAL,80.83818972000000
90E2E48WHOSIS_000001,WHOSIS_000001,90E2E48,WHOSIS_000001,2006,YEAR,910,WORLDBANKINCOMEGROUP,PUBLISHED,Life expectancy (at birth),High-income economies,TOTAL,78.94309040000000
90E2E48WHOSIS_000001,WHOSIS_000001,90E2E48,WHOSIS_000001,2006,YEAR,911,WORLDBANKINCOMEGROUP,PUBLISHED,Life expectancy (at birth),Low-income economies,TOTAL,58.16441655000000
90E2E48WHOSIS_000001,WHOSIS_000001,90E2E48,WHOSIS_000001,2006,YEAR,912,WORLDBANKINCOMEGROUP,PUBLISHED,Life expectancy (at birth),Lower-middle-income economies,TOTAL,64.97632364000000
90E2E48WHOSIS_000001,WHOSIS_000001,90E2E48,WHOSIS_000001,2006,YEAR,914,WORLDBANKINCOMEGROUP,PUBLISHED,Life expectancy (at birth),Upper-middle-income economies,TOTAL,71.61510574000000
90E2E48WHOSIS_000001,WHOSIS_000001,90E2E48,WHOSIS_000001,2007,YEAR,001,GLOBAL,PUBLISHED,Life expectancy (at birth),World,TOTAL,69.42465871000000
90E2E48WHOSIS_000001,WHOSIS_000001,90E2E48,WHOSIS_000001,2009,YEAR,300,COUNTRY,PUBLISHED,Life expectancy (at birth),Greece,TOTAL,80.02249419000000
90E2E48WHOSIS_000001,WHOSIS_000001,90E2E48,WHOSIS_000001,2011,YEAR,620,COUNTRY,PUBLISHED,Life expectancy (at birth),Portugal,TOTAL,80.24005801000000
90E2E48WHOSIS_000001,WHOSIS_000001,90E2E48,WHOSIS_000001,2011,YEAR,724,COUNTRY,PUBLISHED,Life expectancy (at birth),Spain,TOTAL,81.81256597000000
90E2E48WHOSIS_000001,WHOSIS_000001,90E2E48,WHOSIS_000001,2012,YEAR,910,WORLDBANKINCOMEGROUP,PUBLISHED,Life expectancy (at birth),High-income economies,TOTAL,80.14050022000000
90E2E48WHOSIS_000001,WHOSIS_000001,90E2E48,WHOSIS_000001,2012,YEAR,911,WORLDBANKINCOMEGROUP,PUBLISHED,Life expectancy (at birth),Low-income economies,TOTAL,61.39453419000000
90E2E48WHOSIS_000001,WHOSIS_000001,90E2E48,WHOSIS_000001,2012,YEAR,912,WORLDBANKINCOMEGROUP,PUBLISHED,Life expectancy (at birth),Lower-middle-income economies,TOTAL,67.39300802000000
90E2E48WHOSIS_000001,WHOSIS_000001,90E2E48,WHOSIS_000001,2012,YEAR,914,WORLDBANKINCOMEGROUP,PUBLISHED,Life expectancy (at birth),Upper-middle-income economies,TOTAL,73.92587200000000
90E2E48WHOSIS_000001,WHOSIS_000001,90E2E48,WHOSIS_000001,2013,YEAR,001,GLOBAL,PUBLISHED,Life expectancy (at birth),World,TOTAL,71.66019590000000
90E2E48WHOSIS_000001,WHOSIS_000001,90E2E48,WHOSIS_000001,2015,YEAR,300,COUNTRY,PUBLISHED,Life expectancy (at birth),Greece,TOTAL,80.41608244000000
90E2E48WHOSIS_000001,WHOSIS_000001,90E2E48,WHOSIS_000001,2016,YEAR,300,COUNTRY,PUBLISHED,Life expectancy (at birth),Greece,TOTAL,80.71256832000000
90E2E48WHOSIS_000001,WHOSIS_000001,90E2E48,WHOSIS_000001,2018,YEAR,724,COUNTRY,PUBLISHED,Life expectancy (at birth),Spain,TOTAL,82.76765981000000
90E2E48WHOSIS_000001,WHOSIS_000001,90E2E48,WHOSIS_000001,2018,YEAR,752,COUNTRY,PUBLISHED,Life expectancy (at birth),Sweden,TOTAL,82.20163712000000
90E2E48WHOSIS_000001,WHOSIS_000001,90E2E48,WHOSIS_000001,2019,YEAR,910,WORLDBANKINCOMEGROUP,PUBLISHED,Life expectancy (at birth),High-income economies,TOTAL,80.90566753000000
90E2E48WHOSIS_000001,WHOSIS_000001,90E2E48,WHOSIS_000001,2019,YEAR,911,WORLDBANKINCOMEGROUP,PUBLISHED,Life expectancy (at birth),Low-income economies,TOTAL,64.21817017000000
90E2E48WHOSIS_000001,WHOSIS_000001,90E2E48,WHOSIS_000001,2019,YEAR,912,WORLDBANKINCOMEGROUP,PUBLISHED,Life expectancy (at birth),Lower-middle-income economies,TOTAL,69.57356781000000
90E2E48WHOSIS_000001,WHOSIS_000001,90E2E48,WHOSIS_000001,2019,YEAR,914,WORLDBANKINCOMEGROUP,PUBLISHED,Life expectancy (at birth),Upper-middle-income economies,TOTAL,75.66886287000000
90E2E48WHOSIS_000001,WHOSIS_000001,90E2E48,WHOSIS_000001,2020,YEAR,001,GLOBAL,PUBLISHED,Life expectancy (at birth),World,TOTAL,72.45043871000000
90E2E48WHOSIS_000001,WHOSIS_000001,90E2E48,WHOSIS_000001,2018,YEAR,620,COUNTRY,PUBLISHED,Life expectancy (at birth),Portugal,TOTAL,81.06316039000000
90E2E48WHOSIS_000001,WHOSIS_000001,90E2E48,WHOSIS_000001,2019,YEAR,724,COUNTRY,PUBLISHED,Life expectancy (at birth),Spain,TOTAL,83.13561895000000
90E2E48WHOSIS_000001,WHOSIS_000001,90E2E48,WHOSIS_000001,2019,YEAR,752,COUNTRY,PUBLISHED,Life expectancy (at birth),Sweden,TOTAL,82.71414637000000
90E2E48WHOSIS_000001,WHOSIS_000001,90E2E48,WHOSIS_000001,2020,YEAR,910,WORLDBANKINCOMEGROUP,PUBLISHED,Life expectancy (at birth),High-income economies,TOTAL,79.95969437000000
90E2E48WHOSIS_000001,WHOSIS_000001,90E2E48,WHOSIS_000001,2020,YEAR,911,WORLDBANKINCOMEGROUP,PUBLISHED,Life expectancy (at birth),Low-income economies,TOTAL,64.20605991000000
90E2E48WHOSIS_000001,WHOSIS_000001,90E2E48,WHOSIS_000001,2020,YEAR,912,WORLDBANKINCOMEGROUP,PUBLISHED,Life expectancy (at birth),Lower-middle-income economies,TOTAL,69.04426229000000
90E2E48WHOSIS_000001,WHOSIS_000001,90E2E48,WHOSIS_000001,2020,YEAR,914,WORLDBANKINCOMEGROUP,PUBLISHED,Life expectancy (at birth),Upper-middle-income economies,TOTAL,74.89743849000000
90E2E48WHOSIS_000001,WHOSIS_000001,90E2E48,WHOSIS_000001,2021,YEAR,001,GLOBAL,PUBLISHED,Life expectancy (at birth),World,TOTAL,71.36869906000000
90E2E48WHOSIS_000001,WHOSIS_000001,90E2E48,WHOSIS_000001,2017,YEAR,300,COUNTRY,PUBLISHED,Life expectancy (at birth),Greece,TOTAL,80.69403193000000
90E2E48WHOSIS_000001,WHOSIS_000001,90E2E48,WHOSIS_000001,2019,YEAR,620,COUNTRY,PUBLISHED,Life expectancy (at birth),Portugal,TOTAL,81.36750616000000
90E2E48WHOSIS_000001,WHOSIS_000001,90E2E48,WHOSIS_000001,2020,YEAR,724,COUNTRY,PUBLISHED,Life expectancy (at birth),Spain,TOTAL,81.92498871000000
90E2E48WHOSIS_000001,WHOSIS_000001,90E2E48,WHOSIS_000001,2020,YEAR,752,COUNTRY,PUBLISHED,Life expectancy (at birth),Sweden,TOTAL,82.08200836000000
90E2E48WHOSIS_000001,WHOSIS_000001,90E2E48,WHOSIS_000001,2018,YEAR,300,COUNTRY,PUBLISHED,Life expectancy (at birth),Greece,TOTAL,81.05191982000000
90E2E48WHOSIS_000001,WHOSIS_000001,90E2E48,WHOSIS_000001,2020,YEAR,620,COUNTRY,PUBLISHED,Life expectancy (at birth),Portugal,TOTAL,80.81837464000000
90E2E48WHOSIS_000001,WHOSIS_000001,90E2E48,WHOSIS_000001,2021,YEAR,910,WORLDBANKINCOMEGROUP,PUBLISHED,Life expectancy (at birth),High-income economies,TOTAL,79.65119873000000
90E2E48WHOSIS_000001,WHOSIS_000001,90E2E48,WHOSIS_000001,2021,YEAR,911,WORLDBANKINCOMEGROUP,PUBLISHED,Life expectancy (at birth),Low-income economies,TOTAL,63.66755209000000
90E2E48WHOSIS_000001,WHOSIS_000001,90E2E48,WHOSIS_000001,2021,YEAR,912,WORLDBANKINCOMEGROUP,PUBLISHED,Life expectancy (at birth),Lower-middle-income economies,TOTAL,67.21688028000000
90E2E48WHOSIS_000001,WHOSIS_000001,90E2E48,WHOSIS_000001,2021,YEAR,914,WORLDBANKINCOMEGROUP,PUBLISHED,Life expectancy (at birth),Upper-middle-income economies,TOTAL,74.23577164000000
90E2E48WHOSIS_000001,WHOSIS_000001,90E2E48,WHOSIS_000001,2016,YEAR,910,WORLDBANKINCOMEGROUP,PUBLISHED,Life expectancy (at birth),High-income economies,TOTAL,80.58317540000000
90E2E48WHOSIS_000001,WHOSIS_000001,90E2E48,WHOSIS_000001,2016,YEAR,911,WORLDBANKINCOMEGROUP,PUBLISHED,Life expectancy (at birth),Low-income economies,TOTAL,62.96122947000000
90E2E48WHOSIS_000001,WHOSIS_000001,90E2E48,WHOSIS_000001,2016,YEAR,912,WORLDBANKINCOMEGROUP,PUBLISHED,Life expectancy (at birth),Lower-middle-income economies,TOTAL,68.75196172000000
90E2E48WHOSIS_000001,WHOSIS_000001,90E2E48,WHOSIS_000001,2016,YEAR,914,WORLDBANKINCOMEGROUP,PUBLISHED,Life expectancy (at birth),Upper-middle-income economies,TOTAL,74.97657756000000
90E2E48WHOSIS_000001,WHOSIS_000001,90E2E48,WHOSIS_000001,2017,YEAR,001,GLOBAL,PUBLISHED,Life expectancy (at birth),World,TOTAL,72.67542225000000
90E2E48WHOSIS_000001,WHOSIS_000001,90E2E48,WHOSIS_000001,2019,YEAR,300,COUNTRY,PUBLISHED,Life expectancy (at birth),Greece,TOTAL,80.90744762000000
90E2E48WHOSIS_000001,WHOSIS_000001,90E2E48,WHOSIS_000001,2021,YEAR,724,COUNTRY,PUBLISHED,Life expectancy (at birth),Spain,TOTAL,82.66267258000000
90E2E48WHOSIS_000001,WHOSIS_000001,90E2E48,WHOSIS_000001,2021,YEAR,752,COUNTRY,PUBLISHED,Life expectancy (at birth),Sweden,TOTAL,82.66490920000000
90E2E48WHOSIS_000001,WHOSIS_000001,90E2E48,WHOSIS_000001,2016,YEAR,724,COUNTRY,PUBLISHED,Life expectancy (at birth),Spain,TOTAL,82.73070599000000
90E2E48WHOSIS_000001,WHOSIS_000001,90E2E48,WHOSIS_000001,2016,YEAR,752,COUNTRY,PUBLISHED,Life expectancy (at birth),Sweden,TOTAL,82.00943962000000
90E2E48WHOSIS_000001,WHOSIS_000001,90E2E48,WHOSIS_000001,2017,YEAR,910,WORLDBANKINCOMEGROUP,PUBLISHED,Life expectancy (at birth),High-income economies,TOTAL,80.58823029000000
90E2E48WHOSIS_000001,WHOSIS_000001,90E2E48,WHOSIS_000001,2017,YEAR,911,WORLDBANKINCOMEGROUP,PUBLISHED,Life expectancy (at birth),Low-income economies,TOTAL,63.30409889000000
90E2E48WHOSIS_000001,WHOSIS_000001,90E2E48,WHOSIS_000001,2017,YEAR,912,WORLDBANKINCOMEGROUP,PUBLISHED,Life expectancy (at birth),Lower-middle-income economies,TOTAL,69.02369556000000
90E2E48WHOSIS_000001,WHOSIS_000001,90E2E48,WHOSIS_000001,2017,YEAR,914,WORLDBANKINCOMEGROUP,PUBLISHED,Life expectancy (at birth),Upper-middle-income economies,TOTAL,75.28837476000000
90E2E48WHOSIS_000001,WHOSIS_000001,90E2E48,WHOSIS_000001,2018,YEAR,001,GLOBAL,PUBLISHED,Life expectancy (at birth),World,TOTAL,72.88886288000000
90E2E48WHOSIS_000001,WHOSIS_000001,90E2E48,WHOSIS_000001,2021,YEAR,620,COUNTRY,PUBLISHED,Life expectancy (at birth),Portugal,TOTAL,81.17961003000000
90E2E48WHOSIS_000001,WHOSIS_000001,90E2E48,WHOSIS_000001,2016,YEAR,620,COUNTRY,PUBLISHED,Life expectancy (at birth),Portugal,TOTAL,80.90466136000000
90E2E48WHOSIS_000001,WHOSIS_000001,90E2E48,WHOSIS_000001,2017,YEAR,752,COUNTRY,PUBLISHED,Life expectancy (at birth),Sweden,TOTAL,82.08459630000000
90E2E48WHOSIS_000001,WHOSIS_000001,90E2E48,WHOSIS_000001,2019,YEAR,001,GLOBAL,PUBLISHED,Life expectancy (at birth),World,TOTAL,73.12337447000000
90E2E48WHOSIS_000001,WHOSIS_000001,90E2E48,WHOSIS_000001,2020,YEAR,300,COUNTRY,PUBLISHED,Life expectancy (at birth),Greece,TOTAL,80.63173860000000
90E2E48WHOSIS_000001,WHOSIS_000001,90E2E48,WHOSIS_000001,2017,YEAR,620,COUNTRY,PUBLISHED,Life expectancy (at birth),Portugal,TOTAL,81.14657369000000
90E2E48WHOSIS_000001,WHOSIS_000001,90E2E48,WHOSIS_000001,2017,YEAR,724,COUNTRY,PUBLISHED,Life expectancy (at birth),Spain,TOTAL,82.67579627000000
90E2E48WHOSIS_000001,WHOSIS_000001,90E2E48,WHOSIS_000001,2018,YEAR,910,WORLDBANKINCOMEGROUP,PUBLISHED,Life expectancy (at birth),High-income economies,TOTAL,80.68924788000000
90E2E48WHOSIS_000001,WHOSIS_000001,90E2E48,WHOSIS_000001,2018,YEAR,911,WORLDBANKINCOMEGROUP,PUBLISHED,Life expectancy (at birth),Low-income economies,TOTAL,63.71209289000000
90E2E48WHOSIS_000001,WHOSIS_000001,90E2E48,WHOSIS_000001,2018,YEAR,912,WORLDBANKINCOMEGROUP,PUBLISHED,Life expectancy (at birth),Lower-middle-income economies,TOTAL,69.28229650000000
90E2E48WHOSIS_000001,WHOSIS_000001,90E2E48,WHOSIS_000001,2018,YEAR,914,WORLDBANKINCOMEGROUP,PUBLISHED,Life expectancy (at birth),Upper-middle-income economies,TOTAL,75.50618266000000
90E2E48WHOSIS_000001,WHOSIS_000001,90E2E48,WHOSIS_000001,2021,YEAR,300,COUNTRY,PUBLISHED,Life expectancy (at birth),Greece,TOTAL,79.59785025000000
